organizationLabel,positionLabel,officeholderLabel,prediction,confidence,answer,eval
African Development Bank,Akinwumi Adesina,Akinwumi Adesina,"Answer: Akinwumi Adesina, Confidence: High.",High,Akinwumi Adesina,True
African Paralympic Committee,President of the African Paralympic Committee,Leonel da Rocha Pinto,I don't have access to a search engine to provide information on the current leader of the African Paralympic Committee.,,,False
Afro-Asian People's Solidarity Organization,Anwar Sadat,Anwar Sadat,I couldn't find any information on the current leader of the Afro-Asian People's Solidarity Organization.,,,False
Aga Khan Development Network,Ismaili imam,Ismaili imam,"Answer: His Highness the Aga Khan IV, Confidence: high.",high,His Highness the Aga Khan IV,True
All European Academies,Antonio Loprieno,Antonio Loprieno,"Answer: Antonio Loprieno, Confidence: medium",medium,Antonio Loprieno,
Alliance of Passenger Rail New Entrants in Europe,Erich Forster,Erich Forster,"I couldn't find any information on the current leader of the Alliance of Passenger Rail New Entrants (Allrail) in Europe. Allrail appears to be a trade association that represents new entrants and private operators in the European passenger rail market, but I was unable to determine its current leadership.

Answer: Unknown, Confidence: Low",Low,Unknown,False
Alliance of Small Island States,Ahmed Sareer,Ahmed Sareer,"I don't have access to real-time information and updates on specific leadership roles. However, I can suggest that you check the official website or recent news articles related to the Alliance of Small Island States (AOSIS) for the most up-to-date information on its current leader.

Answer: Not Available
Confidence: Low",Low,Not Available,
American Association for the Advancement of Science,Eloise E. Clark,Eloise E. Clark,I don't have access to a search engine to provide information on the current leader of the American Association for the Advancement of Science.,,,False
Andean Community,Secretary-General of the Andean Community,Guillermo Fernández de Soto,I do not have access to a search engine to provide information on the current leader of the Andean Community.,,,False
Anti-Bolshevik Bloc of Nations,Yaroslav Stetsko,Yaroslav Stetsko,"Answer: Yaroslav Hrytsak, Confidence: medium.",medium,Yaroslav Hrytsak,
Arab League,Secretary General of the Arab League,Secretary General of the Arab League,"Answer: Ahmed Aboul Gheit, Confidence: High.",High,Ahmed Aboul Gheit,True
Arab Union of Judges,Ahmad al-Ashqar,Ahmad al-Ashqar,I do not have information on who the current leader of the Arab Union of Judges is.,,,
Asian Athletics Association,Dahlan Jumaan al-Hamad,Dahlan Jumaan al-Hamad,"Answer: Dahlan Al-Hamad, Confidence: High.",High,Dahlan Al-Hamad,True
Asian Buddhist Conference for Peace,Gabji Demberel Choijamts,Gabji Demberel Choijamts,"Answer: I couldn't find any information on the current leader of the Asian Buddhist Conference for Peace. The organization does not have a publicly disclosed leadership structure or a clear indication of its current status., Confidence: low",low,I couldn't find any information on the current leader of the Asian Buddhist Conference for Peace. The organization does not have a publicly disclosed leadership structure or a clear indication of its current status.,
Asian Development Bank,Masato Kanda,Masato Kanda,Masatsugu Asakawa,,,False
Asian Football Confederation,Salman Bin Ibrahim Al-Khalifa,Salman Bin Ibrahim Al-Khalifa,"Answer: Salman Bin Ibrahim Al-Khalifa, Confidence: high.",high,Salman Bin Ibrahim Al-Khalifa,True
Asian Hockey Federation,Abdullah of Pahang,Abdullah of Pahang,"I don't have access to real-time information. However, as of my last update in 2023, Alain Chu Chee Pong and Tayyab Ikram were serving as co-presidents of the Asian Hockey Federation (AHF). Please note that leadership positions can change, so for the most accurate and up-to-date information, I recommend checking directly with official sources or the AHF's website.

Answer: Alain Chu Chee Pong and Tayyab Ikram, Confidence: low",low,Alain Chu Chee Pong and Tayyab Ikram,False
Asian Infrastructure Investment Bank,Jin Liqun,Jin Liqun,"Answer: Jin Liqun, Confidence: high.",high,Jin Liqun,True
Asian Parliamentary Assembly,Mustafa Şentop,Mustafa Şentop,"Answer: Gennady Makhillo ( Russia), Confidence: high.",high,Gennady Makhillo ( Russia),
Asian Shooting Confederation,Salman Sabah Al-Salem Al-Homoud Al-Sabah,Salman Sabah Al-Salem Al-Homoud Al-Sabah,"Answer: Sheikh Salman bin Ibrahim Al Khalifa, Confidence: high.",high,Sheikh Salman bin Ibrahim Al Khalifa,False
Assembly of European Regions,Albert Castellanos Maduell,Albert Castellanos Maduell,"Answer: Not available, Confidence: low.",low,Not available,False
Association des bibliothécaires du Québec – Quebec Library Association (ABQLA),human,human,I don't have information on the current leader of Association des bibliothécaires du Québec - Quebec Library Association (ABQLA).,,,
Association of Episcopal Conferences of Central Africa,Marcel Madila Basanguka,Marcel Madila Basanguka,"Answer: Not Available, Confidence: Low",Low,Not Available,False
Badminton Confederation of Africa,Michel Bau,Michel Bau,"Answer: Not available, Confidence: Low.",Low,Not available,False
Badminton Europe,Sven Serré,Sven Serré,"Answer: Peter Tarcala, Confidence: High",High,Peter Tarcala,False
Badminton World Federation,Lu Shengrong,Lu Shengrong,"Answer: Poul-Erik Høyer, Confidence: high.",high,Poul-Erik Høyer,False
Barroso Commission,José Manuel Durão Barroso,José Manuel Durão Barroso,"Answer: José Manuel Barroso, Confidence: High.",High,José Manuel Barroso,
Blue Shield International,Peter Stone,Peter Stone,"I couldn't find any information about a well-known organization named ""Blue Shield International."" However, there is an international non-governmental organization called The Blue Shield that works to protect cultural heritage from destruction in armed conflict. 

If you're referring to this or another similar organization, I apologize, but I don't have enough information to determine its current leader.

If you are looking for the leadership of a health insurance provider named Blue Shield International, please note that there are several regional non-profit health plans in the United States known as Blue Cross and Blue Shield. These organizations do not have an international presence and typically operate independently within their respective regions.

In either case, I cannot provide a specific answer to your question without more information about which organization you're referring to.

Answer: Unknown, Confidence: low",low,Unknown,False
Boeotian confederation,Boeotarch,Boeotarch,"Answer: Not available, Confidence: Low.",Low,Not available,
Bureau of the European Parliament,President of the European Parliament,Roberta Metsola,I don't have access to a search engine to provide information on the current leader of the Bureau of the European Parliament.,,,False
CONCACAF,Victor Montagliani,Victor Montagliani,"Victor Montagliani, Confidence: High",High,,False
Caribbean Football Union,Randolph Harris,Randolph Harris,"I couldn't find any information about a ""Caribbean Football Union"". However, I found that there is a ""Caribbean Football Union"" which is now known as the Caribbean Football Union (CFU). 

The President of CFU is Randolph Harris.

Answer: Randolph Harris 
Confidence: medium",medium,Randolph Harris,False
Caritas Europa,Erny Gillen,Erny Gillen,I don't have access to a search engine to look up information about the current leader of Caritas Europa.,,,False
Caritas Internationalis,Carl Vath,Carl Vath,"Answer: Aloysius John, Confidence: high.",high,Aloysius John,False
Central American Football Union,Pedro Chaluja,Pedro Chaluja,"Answer: Rafael Salguero, Confidence: high.",high,Rafael Salguero,False
Club of Rome,Mamphela Ramphele,Mamphela Ramphele,"Answer: Sandrine Dixson-Declève, Confidence: high.",high,Sandrine Dixson-Declève,False
Collective Security Treaty Organization,Alexander Lukashenko,Alexander Lukashenko,"Answer: Nikolai Bordyuzha, Confidence: Medium.",Medium,Nikolai Bordyuzha,False
College of Cardinals,Dean of the College of Cardinals,Giovanni Battista Re,"I don't have access to real-time information. However, I can suggest that the Dean of the College of Cardinals typically serves as its leader. As of my last update in 2021, Giovanni Battista Re was the Dean of the College of Cardinals. Please note that this information may not be up-to-date.

Answer: Giovanni Battista Re, Confidence: low",low,Giovanni Battista Re,True
Comité Maritime International,Ann Fenech,Ann Fenech,"I don't have access to real-time data and specific information about the current leadership of organizations such as the Comité Maritime International. My training data only goes up until 2023, and I may not have the most recent updates on leadership positions.

However, as of my knowledge cutoff in 2023, I couldn't find any specific information on who leads the Comité Maritime International. For the most accurate and up-to-date information, I recommend checking the official website of the Comité Maritime International or contacting them directly.

Answer: Not Available, Confidence: Low",Low,Not Available,False
Commission on Legal Empowerment of the Poor,Hernando de Soto,Hernando de Soto,"Answer: Not available as of my knowledge cutoff date (01 March 2023), Confidence: medium",medium,Not available as of my knowledge cutoff date (01 March 2023),
Committee on Data for Science and Technology,Mercè Crosas,Mercè Crosas,"I don't have access to real-time information or updates after my last training cut-off date. However, I can suggest some possible sources where you may be able to find the most current information about the leadership of the Committee on Data for Science and Technology (CODATA). 

You might want to check the official CODATA website or contact them directly for the most accurate and up-to-date information regarding their current leadership.

Answer: Not Available, Confidence: low",low,Not Available,False
Commonwealth of Nations,Head of the Commonwealth,Charles III,"Answer: King Charles III, Confidence: High.",High,King Charles III,True
Community of Portuguese Language Countries,Zacarias da Costa,Zacarias da Costa,"Answer: Luiz Inácio Lula da Silva, Confidence: high.",high,Luiz Inácio Lula da Silva,
Community of the Beatitudes,Anna-Katharina Pollmeyer,Anna-Katharina Pollmeyer,"I'm not able to provide real-time information on leadership positions for specific organizations unless they are widely reported and recognized in available sources up to my last update. The Community of the Beatitudes might have undergone changes that I am not aware of, given the limitations of my training data. If you're looking for the most current leader, I recommend checking the organization's official communication channels or recent news updates.

Answer: Not Available, Confidence: Low",Low,Not Available,
Confederación Nacional del Trabajo,Secretary General of the Confederación Nacional del Trabajo,Secretary General of the Confederación Nacional del Trabajo,I do not have access to a search engine to provide information on the current leader of Confederación Nacional del Trabajo.,,,
Confederation of African Athletics,Hamad Kalkaba Malboum,Hamad Kalkaba Malboum,"Answer: Kalkaba Malboum, Confidence: high.",high,Kalkaba Malboum,True
Confederation of African Football,Patrice Motsepe,Patrice Motsepe,"Answer: Patrice Motsepe, Confidence: High.",High,Patrice Motsepe,True
Confederation of Independent Football Associations,Per-Anders Blind,Per-Anders Blind,"Answer: Per Andersen, Confidence: high.",high,Per Andersen,
Confederation of Open Access Repositories,Martha Whitehead,Martha Whitehead,I'm not aware of the current leader of the Confederation of Open Access Repositories.,,,
Confederation of Sahel States,Assimi Goïta,Assimi Goïta,"There is no such entity as the ""Confederation of Sahel States"". The Sahel region is a transitional zone between the Sahara Desert and the Sudanian savanna, spanning across several countries in North Africa. It does not have a unified government or leadership.

However, there are regional organizations that cover parts of the Sahel region, such as the Economic Community of West African States (ECOWAS) and the African Union's Regional Coordination Mechanism for the Sahel Region.

If you meant to ask about one of these organizations, please let me know and I'll do my best to provide an answer.",,,
Conference of Committee Chairs of the European Parliament,Gerardo Galeote Quecedo,Gerardo Galeote Quecedo,I'm not aware of the current leader of the Conference of Committee Chairs of the European Parliament.,,,False
Confédération Européenne de Billard,Diane Wild,Diane Wild,"Answer: Not found, Confidence: low.",low,Not found,False
Consultative Committee for Units,Joachim Ullrich,Joachim Ullrich,"I'm not aware of any information about a ""Consultative Committee for Units"" or its current leader. My knowledge may be limited in this area.

Answer: Unknown, Confidence: Low",Low,Unknown,
Council for German Orthography,Josef Lange,Josef Lange,"I'm not familiar with the specific leadership details of the Council for German Orthography. My training data might not be up-to-date on this topic, or it's possible that such information isn't widely documented in available sources.",,,False
Council of Europe,Secretary General of the Council of Europe,Alain Berset,"Answer: Marija Pejčinović Burić, Confidence: medium",medium,Marija Pejčinović Burić,
Delegation of the European Union to Belarus,ambassador of the European Union to Belarus,Dirk Schuebel,"Answer: Dirk Schuebel, Confidence: high.",high,Dirk Schuebel,False
Delegation of the European Union to Chad,ambassador of the European Union to Chad,Bertrand Soret,"Answer: Denisa-Elena Ionete, Confidence: high.",high,Denisa-Elena Ionete,False
Delegation of the European Union to Japan,ambassador of the European Union to Japan,ambassador of the European Union to Japan,"Answer: Not available, Confidence: low.",low,Not available,False
Delegation of the European Union to Malaysia,ambassador of the European Union to Malaysia,ambassador of the European Union to Malaysia,"Answer: Michalis Rokas, Confidence: medium.",medium,Michalis Rokas,False
Delegation of the European Union to Moldova,ambassador of the European Union to Moldova,Dirk Schuebel,I don't have access to a search engine to provide information about the current leader of the Delegation of the European Union to Moldova.,,,False
Delegation of the European Union to Turkey,ambassador of the European Union to Turkey,Christian Berger,"I don't have access to real-time information and updates. However, as of my last update in April 2023, I do not have specific information on who the current leader of the Delegation of the European Union to Turkey is. Given the dynamic nature of diplomatic appointments, this position may change frequently.

Answer: Not Available, Confidence: Low",Low,Not Available,False
Delegation of the European Union to Ukraine,ambassador of the European Union to Ukraine,Hugues Mingarelli,"Answer: Matti Maasikas, Confidence: high.",high,Matti Maasikas,False
Delegation of the European Union to the Holy See,ambassador of the European Union to the Holy See,Jan Tombiński,I couldn't find any information on who the current leader of the Delegation of the European Union to the Holy See is.,,,False
Delegation of the European Union to the United States,ambassador of the European Union to the United States,ambassador of the European Union to the United States,"I don't have access to real-time information and data. However, as of my last update in April 2023, the Ambassador of the European Union to the United States was Stavros Lambrinidis. Please note that this information may not be up-to-date.

Answer: Stavros Lambrinidis, Confidence: medium",medium,Stavros Lambrinidis,False
Delors Commission I,Jacques Delors,Jacques Delors,"Jacques Delors 
Confidence: high",high,,
East Asian Football Federation,Chung Mong-gyu,Chung Mong-gyu,Chung Mong-gyu,,,
Eastern Caribbean Supreme Court,Chief Justice of the Eastern Caribbean Supreme Court,Janice Pereira,"Answer: Dame Janice Pereira, Confidence: high.",high,Dame Janice Pereira,False
Ecclesial Conference of the Amazon,Pedro Ricardo Barreto Jimeno,Pedro Ricardo Barreto Jimeno,I don't have access to a search engine to provide information on the current leader of the Ecclesial Conference of the Amazon.,,,
Economic Community of West African States,Bola Ahmed Tinubu,Bola Ahmed Tinubu,"Answer: Omar Touray, Confidence: Medium",Medium,Omar Touray,
Economic and Financial Committee,Tuomas Saarenheimo,Tuomas Saarenheimo,I don't have access to a search engine to verify the current leader of the Economic and Financial Affairs Council (Ecofin) of the European Union.,,,False
Education International,Mugwena Maluleke,Mugwena Maluleke,"Answer: Susan Hopgood, Confidence: High",High,Susan Hopgood,False
Emergency Committee of Atomic Scientists,Albert Einstein,Albert Einstein,"I don't have access to real-time information and updates. However, as of my knowledge cutoff, I couldn't find any specific information on the current leader of the Emergency Committee of Atomic Scientists (also known as the Bulletin of the Atomic Scientists). 

Answer: Not Found, Confidence: low",low,Not Found,False
Eurogroup Working Group,Thomas Wieser,Thomas Wieser,"Answer: Not specified, Confidence: low.",low,Not specified,False
Europe of Nations and Freedom,Marcel de Graaff,Marcel de Graaff,I don't have access to a search engine to provide information on the current leader.,,,False
European Agency for the Management of Operational Cooperation at the External Borders,Ilkka Laitinen,Ilkka Laitinen,"Answer: Hans Leijtens, Confidence: high.",high,Hans Leijtens,False
European Athletic Association,Dobromir Karamarinov,Dobromir Karamarinov,"Dobromir Karamarinov, Confidence: high",high,,False
European Banking Authority,José Manuel Campa,José Manuel Campa,"I don't have access to real-time information and updates. However, I can suggest some possible sources where you may be able to find the most recent information on the leadership of the European Banking Authority (EBA).

You can check the official EBA website or other reliable news sources for the latest updates on their leadership.

If you need more general information about the EBA or its functions, feel free to ask!",,,False
European Banking Federation,Ana Botín,Ana Botín,I do not have access to a search engine to provide information on the current leader of the European Banking Federation.,,,False
European Border and Coast Guard Agency,Fabrice Leggeri,Fabrice Leggeri,"Answer: Hans Leijtens, Confidence: high.",high,Hans Leijtens,True
European Central Bank,President of the European Central Bank,Christine Lagarde,"Answer: Christine Lagarde, Confidence: High.",High,Christine Lagarde,True
European Chess Union,Zurab Azmaiparashvili,Zurab Azmaiparashvili,"Answer: The President of the European Chess Union (ECU) is not publicly disclosed on their official website as of my last update in 2023. However, the ECU's leadership often includes a president and various board members who are responsible for governing chess activities across Europe.
Confidence: Low",Low,"The President of the European Chess Union (ECU) is not publicly disclosed on their official website as of my last update in 2023. However, the ECU's leadership often includes a president and various board members who are responsible for governing chess activities across Europe.",False
European Coal and Steel Community,Jean Monnet,Jean Monnet,The European Coal and Steel Community (ECSC) was dissolved in 2002.,,,False
European Commission,Ursula von der Leyen,Ursula von der Leyen,"Answer: Ursula von der Leyen, Confidence: High.",High,Ursula von der Leyen,True
European Commission for the Efficiency of Justice,Ramin Qurbanov,Ramin Qurbanov,"Answer: Stéphane Leyenberger, Confidence: medium",medium,Stéphane Leyenberger,False
European Council of Skeptical Organisations,Amardeo Sarma,Amardeo Sarma,I don't have access to a search engine to verify who the current leader of the European Council of Skeptical Organisations is.,,,
European Court of Auditors,President of European Court of Auditors,Tony Murphy,"Answer: Klaus-Heiner Lehne, Confidence: high.",high,Klaus-Heiner Lehne,False
European Court of Justice,President of the European Court of Justice,Koen Lenaerts,I'm not aware of the current leader of the European Court of Justice.,,,False
European Data Protection Board,Anu Talus,Anu Talus,"I don't have access to real-time information and updates. However, as of my last update in 2023, Andrea Jelinek was serving as the Chair of the European Data Protection Board (EDPB). 

Answer: Andrea Jelinek, Confidence: medium",medium,Andrea Jelinek,False
European Defence Agency,Kaja Kallas,Kaja Kallas,"Answer: Josep Borrell, Confidence: High.",High,Josep Borrell,
European Democrats,James Scott-Hopkins,James Scott-Hopkins,"I couldn't find any information about a political party called ""European Democrats"". However, I found that there's an alliance of centre-right pro-European parties in Europe called ""European Democratic Party"" (EDP). The co-presidents of EDP are François Bayrou and Francesco Rutelli.",,,
European Digital Rights,Anna Fielder,Anna Fielder,I don't have access to a search engine to provide an answer about the current leader of European Digital Rights.,,,False
European Economic and Social Committee,Oliver Röpke,Oliver Röpke,"Answer: Christa Schweng, Confidence: High.",High,Christa Schweng,False
European External Action Service,High Representative of the Union for Foreign Affairs and Security Policy,Kaja Kallas,"Answer: Josep Borrell, Confidence: High.",High,Josep Borrell,False
European Federation of Pharmaceutical Industries and Associations,Jean-Christophe Tellier,Jean-Christophe Tellier,"I'm not aware of any information about a specific ""European Federation of Pharmaceutical Industries and Associations."" However, I do know that there is an organization called the European Federation of Pharmaceutical Industries and Associations (EFPIA), but I don't have real-time access to its current leadership.

That being said, as of my knowledge cutoff in 2023, the Director General of EFPIA was Nathalie Moll. Please note that this information might be outdated or incorrect.

Answer: Nathalie Moll
Confidence: Low",Low,Nathalie Moll,False
European Handball Federation,Michael Wiederer,Michael Wiederer,"Answer: Michael Wiederer, Confidence: High.",High,Michael Wiederer,True
European Insurance and Occupational Pensions Authority,Gabriel Bernardino,Gabriel Bernardino,"Answer: Petra Hielkema, Confidence: high.",high,Petra Hielkema,True
European Karate Federation,Antonio Espinós,Antonio Espinós,I do not have access to a search engine to provide information on the current leader of the European Karate Federation.,,,False
European Parliament,President of the European Parliament,Roberta Metsola,"Answer: David Sassoli (Note: As of my last update in 2021), Confidence: Medium.",Medium,David Sassoli (Note: As of my last update in 2021),False
European Parliament Committee on Agriculture and Rural Development,Czesław Siekierski,Czesław Siekierski,"Answer: Norbert Lins, Confidence: high.",high,Norbert Lins,False
European Parliament Committee on Budgetary Control,Ingeborg Gräßle,Ingeborg Gräßle,I do not have access to a search engine to provide information about the current leader of the European Parliament Committee on Budgetary Control.,,,False
European Parliament Committee on Budgets,Johan Van Overtveldt,Johan Van Overtveldt,"Answer: Johan Van Overtveldt, Confidence: high.",high,Johan Van Overtveldt,True
"European Parliament Committee on Civil Liberties, Justice and Home Affairs",Claude Moraes,Claude Moraes,"Answer: Juan Fernando López Aguilar, Confidence: high.",high,Juan Fernando López Aguilar,False
European Parliament Committee on Constitutional Affairs,Salvatore De Meo,Salvatore De Meo,I'm not aware of the current leader of the European Parliament Committee on Constitutional Affairs as my information might be outdated or incomplete.,,,
European Parliament Committee on Culture and Education,Silvia Costa,Silvia Costa,"I don't have access to real-time data and specific information about current leaders of committees. However, I can suggest some possible sources where you may be able to find this information:

1. The official website of the European Parliament: You can check the website of the European Parliament for the latest information on committee leadership.
2. News articles: You can search online news articles that cover EU politics and governance.

I'm sorry I couldn't provide a more specific answer, Confidence: low",low,,False
European Parliament Committee on Development,Linda McAvan,Linda McAvan,I do not have access to a search engine to provide information about the current leader of the European Parliament Committee on Development.,,,False
European Parliament Committee on Employment and Social Affairs,Lucia Ďuriš Nicholsonová,Lucia Ďuriš Nicholsonová,I don't have access to a search engine to provide information about the current leader of the European Parliament Committee on Employment and Social Affairs.,,,False
European Parliament Committee on Fisheries,Pierre Karleskind,Pierre Karleskind,"Answer: Pierre Karleskind, Confidence: High.",High,Pierre Karleskind,False
"European Parliament Committee on Industry, Research and Energy",Cristian Bușoi,Cristian Bușoi,"I do not have access to a search engine to provide information on the current leader of European Parliament Committee on Industry, Research and Energy.",,,False
European Parliament Committee on Internal Market and Consumer Protection,Vicky Ford,Vicky Ford,"Answer: Anna Cavazzini, Confidence: medium.",medium,Anna Cavazzini,True
European Parliament Committee on International Trade,Bernd Lange,Bernd Lange,"Answer: Bernd Lange, Confidence: High.",High,Bernd Lange,True
European Parliament Committee on Legal Affairs,Adrián Vázquez Lázara,Adrián Vázquez Lázara,I'm not aware of the current leader of the European Parliament Committee on Legal Affairs as my information might be outdated or incomplete.,,,False
European Parliament Committee on Petitions,Cecilia Wikström,Cecilia Wikström,"I don't have access to real-time data and updates. However, as of my last update, I do not have information about the current leader of the European Parliament Committee on Petitions. My knowledge may be outdated or incomplete regarding this specific topic. 

Answer: Unknown, Confidence: Low",Low,Unknown,False
European Parliament Committee on Transport and Tourism,Karima Delli,Karima Delli,"Answer: Karima Delli, Confidence: high.",high,Karima Delli,False
"European Parliament Committee on the Environment, Public Health and Food Safety",Pascal Canfin,Pascal Canfin,"Answer: Pascal Canfin, Confidence: high.",high,Pascal Canfin,False
European People's Party Group,Manfred Weber,Manfred Weber,"Answer: Manfred Weber, Confidence: High.",High,Manfred Weber,True
European Public Prosecutor's Office,European Chief Prosecutor,Laura Codruța Kövesi,"Answer: Laura Kövesi, Confidence: high.",high,Laura Kövesi,True
European Research Council,Maria Leptin,Maria Leptin,Maria Leptin,,,False
European Rowing Confederation,Annamarie Stapleton,Annamarie Stapleton,"Answer: Jean-Christophe Rolland, Confidence: high.",high,Jean-Christophe Rolland,False
European Securities and Markets Authority,Verena Ross,Verena Ross,"Answer: Verena Ross, Confidence: high.",high,Verena Ross,
European Shooting Confederation,Vladimir Lisin,Vladimir Lisin,"Answer: None, Confidence: low.",low,None,False
European Space Agency,Director General of the European Space Agency,Josef Aschbacher,I don't have access to a search engine to provide information on the current leader of the European Space Agency.,,,False
European Systemic Risk Board,President of the European Central Bank,Christine Lagarde,"Answer: Andrea Enria, Confidence: High.",High,Andrea Enria,False
European Training Foundation,Pilvi Torsti,Pilvi Torsti,I'm not able to provide information about the current leader of the European Training Foundation as my knowledge stopped in 2023.,,,False
European Union Agency for Fundamental Rights,Sirpa Rautio,Sirpa Rautio,"Answer: Michael O'Flaherty, Confidence: high.",high,Michael O'Flaherty,
European Union Agency for Railways,Josef Doppelbauer,Josef Doppelbauer,"Answer: Josef Doppelbauer, Confidence: high.",high,Josef Doppelbauer,False
European Union of Mountaineering Associations,Roland Stierle,Roland Stierle,"I couldn't find any information on a specific organization called ""European Union of Mountaineering Associations."" However, I found that there are several mountaineering associations in Europe, such as the International Climbing and Mountaneering Federation (UIAA), the European Union of Mountaineering Federations (EMF), and the Fédération Française de la Montagne et de l'Escalade (FFME).

If you meant to ask about one of these organizations, please provide more context or clarify which organization you are referring to.

Answer: Unknown, Confidence: Low",Low,Unknown,False
European Writers' Council,Miguel Ángel Serrano,Miguel Ángel Serrano,I couldn't find any information about the current leader of the European Writers' Council.,,,
Euroscience,Enric Banda,Enric Banda,I'm not aware of the current information regarding the leadership of EuroScience.,,,
FIDE,Arkady Dvorkovich,Arkady Dvorkovich,"Arkady Dvorkovich, Confidence: High.",High,,False
FIFA,president of FIFA,Gianni Infantino Riovaldi,"Answer: Gianni Infantino, Confidence: high.",high,Gianni Infantino,True
Federazione Italiana Sportiva Istituti Attività Educative,Lodovico Morell S.J.,Lodovico Morell S.J.,I couldn't find any information on the current leader of Federazione Italiana Sportiva Istituti Attività Educative.,,,False
Financial Stability Institute,Fernando Restoy,Fernando Restoy,I do not have access to a search engine to provide details about the current leader of the Financial Stability Institute.,,,False
Focolare Movement,Margaret Karram,Margaret Karram,"Answer: Margaret Karram, Confidence: High",High,Margaret Karram,True
Foreign Affairs Council,Federica Mogherini,Federica Mogherini,"I'm sorry, but I don't have access to real-time information and specific details about current leaders. However, as of my last update in 2023, Josep Borrell was the High Representative of the European Union for Foreign Affairs and Security Policy. 

Answer: Josep Borrell 
Confidence: low",High,Josep Borrell,False
Franco-German Parliamentary Assembly,Yaël Braun-Pivet,Yaël Braun-Pivet,"I don't have access to real-time information and updates. However, I can suggest some possible sources where you may be able to find the most recent information about the current leader of the Franco-German Parliamentary Assembly.

You can try checking the official website of the Franco-German Parliamentary Assembly or other reliable news sources for the latest updates on its leadership.

Alternatively, you can also try searching online for the name of the current leader of the Franco-German Parliamentary Assembly.",,,
Friends World Committee for Consultation,Carl Heath,Carl Heath,I'm sorry but I do not have access to a search engine to provide information on this topic.,,,False
Fédération Internationale de Billard,Georges Troffaes,Georges Troffaes,"Answer: Ian Anderson, Confidence: medium",medium,Ian Anderson,
Fédération Internationale de Volleyball,Paul Libaud,Paul Libaud,Ary Graça,,,False
Fédération Internationale de l'Automobile,Mohammed bin Sulayem,Mohammed bin Sulayem,"Mohammed Ben Sulayem, Confidence: high",high,,False
GAMMA Federation,Carlo di Blasi,Carlo di Blasi,I don't have information on the current leader of GAMMA Federation.,,,False
General Secretariat of the Council of the European Union,Secretary-General of the Council of the European Union,Thérèse Blanchet,"Answer: Jeppe Tranholm-Mikkelsen, Confidence: high.",high,Jeppe Tranholm-Mikkelsen,False
Global Bank,Ron Nechemia,Ron Nechemia,"I don't have access to real-time information and specific data about individual companies. However, I can suggest some options to find the answer:

1. Check the official website of Global Bank for the latest updates on their leadership.
2. Look up recent news articles or press releases from reputable sources that may mention the current leader of Global Bank.

If you have any more questions or need help with something else, feel free to ask!",,"1. Check the official website of Global Bank for the latest updates on their leadership.
2. Look up recent news articles or press releases from reputable sources that may mention the current leader of Global Bank.

If you have any more questions or need help with something else, feel free to ask!",
Global Justice And Advancement Party,Albara Almerf,Albara Almerf,"I'm not aware of any information regarding the current leader of the Global Justice and Advancement Party. If you have more context or details about this party, I might be able to help further.

Answer: Unknown, Confidence: Low",Low,Unknown,False
Global Young Academy,Koen Vermeir,Koen Vermeir,I am unable to verify who is the current leader of the Global Young Academy.,,,
Goethe-Institut,Carola Lentz,Carola Lentz,"I'm not aware of the current leader of the Goethe-Institut as my knowledge cutoff is March 2023. However, I can suggest checking their official website for the most up-to-date information.

Answer: Unknown
Confidence: Low",Low,Unknown,
Group of the Alliance of Liberals and Democrats for Europe,Guy Verhofstadt,Guy Verhofstadt,"Answer: Dacian Cioloș, Confidence: high.",high,Dacian Cioloș,
Group of the Party of European Socialists,Pauline Green,Pauline Green,"Answer: Stefan Löfven, Confidence: high.",high,Stefan Löfven,True
Health for África,Shlomo Peretz,Shlomo Peretz,"I don't have access to real-time information or updates on specific organizations or their leadership. My training data only goes up until 2022, and I may not have information on recent changes or appointments.

However, as of my knowledge cutoff in 2022, the World Health Organization's (WHO) Regional Director for Africa was Dr. Matshidiso Moeti. Please note that this information might be outdated.

Answer: Dr. Matshidiso Moeti, Confidence: low",low,Dr. Matshidiso Moeti,
Hillel International,Eric Fingerhut,Eric Fingerhut,"Adam Lehman. 
Confidence: High",High,,False
Human Rights Watch,James F. Hoge Jr.,James F. Hoge Jr.,"Kenneth Roth, Confidence: high.",high,,
Human Rights Without Frontiers International,Willy Fautré,Willy Fautré,I'm not aware of the current information on the leadership of Human Rights Without Frontiers International.,,,False
Human Rights in China,Sharon Hom,Sharon Hom,I can’t provide real-time information or updates on specific individuals.,,,
Identity and Democracy,Marco Zanni,Marco Zanni,"Answer: Marco Zanni, Confidence: high.",high,Marco Zanni,
"Identity, Tradition, Sovereignty",Bruno Gollnisch,Bruno Gollnisch,"I don't have information about the current leader of ""Identity, Tradition, Sovereignty"" as it seems to be a historical or obscure entity without widely available up-to-date information.",,,
Indian Ocean Commission,Secretary-General of the Indian Ocean Commission,Hamada Madi,"Answer: Hamada Madi, Confidence: medium.",medium,Hamada Madi,
IndustriALL European Trade Union,Michael Vassiliadis,Michael Vassiliadis,"Answer: Luc Triangle, Confidence: high.",high,Luc Triangle,True
IndustriALL Global Union,Jörg Hofmann,Jörg Hofmann,"Answer: Valter Sanches, Confidence: High.",High,Valter Sanches,False
Inmarsat,Andrew Sukawaty,Andrew Sukawaty,I'm not aware of any information about the current leader of Inmarsat.,,,
Intergovernmental Panel on Climate Change,Hoesung Lee,Hoesung Lee,"Answer: Hoesung Lee, Confidence: high.",high,Hoesung Lee,False
Intergovernmental Science-Policy Platform on Biodiversity and Ecosystem Services,Ana María Hernández Salgar,Ana María Hernández Salgar,"Answer: Ana María Hernández Salgar, Confidence: medium",medium,Ana María Hernández Salgar,False
International Academy of Sciences San Marino,Fabrizio Pennacchietti,Fabrizio Pennacchietti,I'm not aware of any information about the current leader of International Academy of Sciences San Marino.,,,
International Association for Cryptologic Research,Christian Cachin,Christian Cachin,I couldn't find any information on the current leader of the International Association for Cryptologic Research (IACR).,,,
International Association for Political Science Students,Luca Martinelli,Luca Martinelli,"I don't have access to real-time information and updates about specific organizations or their leadership. My training data only goes up until 2022, and I may not have the most current details on the leadership of the International Association for Political Science Students (IAPSS). Therefore, I cannot provide an accurate answer to your question.

Answer: Unknown
Confidence: Low",Low,Unknown,
International Association for the Study of Pain,Claudia Sommer,Claudia Sommer,"I don't have access to real-time information and my training data only goes up until 2021. However, as of my knowledge cutoff in 2021, the President of the International Association for the Study of Pain was Lars Arendt-Nielsen. 

Answer: Lars Arendt-Nielsen, Confidence: low",low,Lars Arendt-Nielsen,False
International Association of Chess Press,Jordi Puig i Laborda,Jordi Puig i Laborda,I do not have access to a search engine to provide information on this topic.,,,
International Association of Conference Interpreters,Angela Keil,Angela Keil,"I don't have access to real-time data and updates. However, I can suggest some possible sources where you may be able to find the most current information about the leadership of AIIC (International Association of Conference Interpreters). 

AIIC's official website or recent publications might have this information. Additionally, professional networks or news outlets focused on interpretation and translation could also provide updates.

If there is anything else I can help with, please let me know!",,,
International Association of Exorcists,Karel Orlita,Karel Orlita,I'm not aware of any information regarding the current leader of the International Association of Exorcists.,,,False
International Association of Prosecutors,Cheol-Kyu Hwang,Cheol-Kyu Hwang,"I don't have access to real-time information and cannot provide a specific name. However, I can suggest that you check the official website or recent news articles related to the International Association of Prosecutors for the most up-to-date information on their current leadership.

Answer: Not Available, Confidence: Low",Low,Not Available,False
International Association of Sound and Audiovisual Archives,Kurt Deggeller,Kurt Deggeller,"I don't have access to real-time information. However, as of my knowledge cutoff date (01 March 2023), I couldn't find any specific information on the current leader of the International Association of Sound and Audiovisual Archives. My response is limited by this constraint.

Answer: Not Available, Confidence: Low",Low,Not Available,False
International Association of Teachers of Russian Language and Literature,Lyudmila Verbitskaya,Lyudmila Verbitskaya,"Answer: I don't have access to real-time data and updates. My training data only goes up until 2022, and I do not have information on the current leader of the International Association of Teachers of Russian Language and Literature., Confidence: low",low,"I don't have access to real-time data and updates. My training data only goes up until 2022, and I do not have information on the current leader of the International Association of Teachers of Russian Language and Literature.",False
International Association of Visual Semiotics,Göran Sonesson,Göran Sonesson,"I couldn't find any information on the current leader of the International Association of Visual Semiotics. 

Answer: Unknown, Confidence: low",low,Unknown,
International Astronomical Union,Debra Elmegreen,Debra Elmegreen,I'm not aware of the current leader of the International Astronomical Union as my information might be outdated or incomplete.,,,
International Bank for Reconstruction and Development,Ajaypal Singh Banga,Ajaypal Singh Banga,"Answer: David Malpass, Confidence: High",High,David Malpass,False
International Bobsleigh and Skeleton Federation,Robert H. Storey,Robert H. Storey,"Answer: Ivo Ferriani, Confidence: high",high,Ivo Ferriani,True
International Boxing Association,Umar Nazarovich Kremlev,Umar Nazarovich Kremlev,"Answer: Umar Kremlev, Confidence: high.",high,Umar Kremlev,True
International Brecht Society,Stephen Brockmann,Stephen Brockmann,I don't have access to a search engine to provide information about the current leader of the International Brecht Society.,,,False
International Canoe Federation,José Perurena,José Perurena,I don't have access to real-time information and cannot provide the name of the current leader.,,,False
International Cartographic Association,Georg Gartner,Georg Gartner,"Answer: Not Available, Confidence: Low",Low,Not Available,False
International Catholic Conference of Scouting,Georges El Ghorayeb,Georges El Ghorayeb,"I couldn't find any information on the current leader of the International Catholic Conference of Scouting. If you have any more details or context about this organization, I might be able to help further.

Answer: Not Found
Confidence: Low",Low,Not Found,False
International Centre for Migration Policy Development,Michael Spindelegger,Michael Spindelegger,"Answer: Martijn Pluim, Confidence: high.",high,Martijn Pluim,False
International Clarinet Association,Jerry Pierce,Jerry Pierce,I'm not aware of any information about a person named as the current leader of International Clarinet Association.,,,
International Climbing and Mountaineering Federation,Peter Muir,Peter Muir,"I don't have access to real-time information. However, as of my last update in 2023, the president of the International Climbing and Mountaineering Federation (UIAA) was Peter Muir. 

Answer: Peter Muir
Confidence: Medium",Medium,Peter Muir,True
International Commission on the Protection of the Oder against Pollution,Janusz Zaleski,Janusz Zaleski,"Answer: Not Found, Confidence: low.",low,Not Found,
International Committee of Slavists,Natalia Bernitskaïa,Natalia Bernitskaïa,"Answer: Not Found, Confidence: Low.",Low,Not Found,False
International Committee of the Red Cross,Mirjana Spoljaric Egger,Mirjana Spoljaric Egger,"Answer: Mirjana Spoljaric Egger, Confidence: high.",high,Mirjana Spoljaric Egger,True
International Conference of Asian Political Parties,Jose de Venecia,Jose de Venecia,"Answer: Jose de Venecia Jr., Confidence: high.",high,Jose de Venecia Jr.,False
International Correspondence Chess Federation,Eric Ruch,Eric Ruch,"Answer: Mednis, A., Confidence: High.",High,"Mednis, A.",False
International Court of Justice,President of the International Court of Justice,Joan Donoghue,"I don't have access to real-time information and my knowledge cutoff is March 2023. As of my knowledge cutoff in 2023, the President of the International Court of Justice was Joan E. Donoghue. However, please note that this information may not be up-to-date.

Answer: Joan E. Donoghue, Confidence: low",low,Joan E. Donoghue,False
International Criminal Court,President of the International Criminal Court,Tomoko Akane,"Answer: Piotr Hofmański, Confidence: High.",High,Piotr Hofmański,False
International Criminal Tribunal for the former Yugoslavia,Theodor Meron,Theodor Meron,"Answer: Serge Brammertz, Confidence: high.",high,Serge Brammertz,False
International Federation of American Football,Tommy Wiking,Tommy Wiking,"I couldn't find any information about the current leader of the International Federation of American Football. 

Answer: Not Found 
Confidence: Low",Low,Not Found,False
International Federation of Landscape Architects,Geoffrey Jellicoe,Geoffrey Jellicoe,I don't have access to a search engine to provide information on the current leader of the International Federation of Landscape Architects.,,,False
International Federation of Language Teacher Associations,Charles Boulanger,Charles Boulanger,"I don't have access to real-time information or updates on specific organizations and their leadership. My training data only goes up until 2021, so I may not have the most recent information.

However, as of my knowledge cutoff in 2021, I couldn't find any information about the current leader of International Federation of Language Teacher Associations (FIPLV). It's possible that this organization is no longer active or has undergone changes since my training data was last updated.",,,False
International Federation of Library Associations and Institutions,Christine Deschamps,Christine Deschamps,"Answer: Barbara Lison, Confidence: medium.",medium,Barbara Lison,False
International Federation of Red Cross and Red Crescent Societies,Kate Forbes,Kate Forbes,"Answer: Jagan Chapagain, Confidence: high",high,Jagan Chapagain,False
International Federation of Sport Climbing,Marco Maria Scolaris,Marco Maria Scolaris,"Answer: Marco Scolaris, Confidence: high.",high,Marco Scolaris,True
International Federation of Sports Medicine,Fabio Pigozzi,Fabio Pigozzi,"I don't have access to real-time information and my knowledge stopped in 2023. However, as of my cut-off date, I do not have information on the current leadership of the International Federation of Sports Medicine (FIMS). For the most accurate and up-to-date information, please refer to FIMS' official website or contact them directly.

Answer: Not Available, Confidence: Low",Low,Not Available,False
International Fencing Federation,Emmanuel Katsiadakis,Emmanuel Katsiadakis,"Answer: Emmanuel Katsaridis, Confidence: high.",high,Emmanuel Katsaridis,False
International Gymnastics Federation,Morinari Watanabe,Morinari Watanabe,Morinari Watanabe,,,False
International Judo Federation,Marius Vizer,Marius Vizer,"Answer: Marius Vizer, Confidence: High.",High,Marius Vizer,True
International Liaison Committee for Reunification and Peace of Korea International,Ali Musa-Kabia,Ali Musa-Kabia,I don't have access to a search engine to provide information about the current leader of the International Liaison Committee for Reunification and Peace of Korea.,,,False
International Luxembourg Forum on Preventing Nuclear Catastrophe,Viatcheslav Moshe Kantor,Viatcheslav Moshe Kantor,"Answer: Vladimir Dvorkin, Confidence: medium.",medium,Vladimir Dvorkin,
International Maritime Organization,Secretary-General of the International Maritime Organization,Arsenio Antonio Dominguez Velasco,"Kitack Lim, Confidence: High.",High,,False
International Mathematical Union,Carlos Kenig,Carlos Kenig,"Answer: Carlos E. Kenig, Confidence: high",high,Carlos E. Kenig,False
International Mineralogical Association,Peter C. Burns,Peter C. Burns,I am unable to verify who the current leader of the International Mineralogical Association is.,,,False
International National Trusts Organisation,Simon Molesworth,Simon Molesworth,"Answer: Not Found, Confidence: Low.",Low,Not Found,False
International Network for Government Science Advice,Rémi Quirion,Rémi Quirion,Peter Gluckman,,,False
International Olympic Committee,president of the International Olympic Committee,Kirsty Coventry,Thomas Bach,,,False
International Organisation of Vine and Wine,Yvette van der Merwe,Yvette van der Merwe,"Answer: Pau Roca, Confidence: High.",High,Pau Roca,False
International Paralympic Committee,Andrew Parsons,Andrew Parsons,"Andrew Parsons, Confidence: High",High,,False
International Radiation Protection Association,Bernard Le Guen,Bernard Le Guen,I don't have access to a search engine to provide information on the current leader of International Radiation Protection Association.,,,
International Renewable Energy Agency,Francesco La Camera,Francesco La Camera,"Answer: Francesco La Camera, Confidence: High.",High,Francesco La Camera,True
International Science Council,B. Daya Reddy,B. Daya Reddy,"Answer: Peter Gluckman, Confidence: high.",high,Peter Gluckman,False
International Skating Union,Kim Jae-youl,Kim Jae-youl,Jan Dijkema,,,False
International Ski and Snowboard Federation,Johan Eliasch,Johan Eliasch,I'm sorry but I do not have access to a search engine so I am unable to provide information on who the current leader of International Ski and Snowboard Federation is.,,,False
International Society for Plant Pathology,Jan E Leach,Jan E Leach,"I don't have access to real-time information and updates on specific organizations. The leadership of the International Society for Plant Pathology may change over time, and I cannot guarantee the accuracy of my response based on my last update.

However, as of my knowledge cutoff in 2023, the President of the International Society for Plant Pathology was Dr. Sarah Gurr. Please note that this information might not be up-to-date or accurate as of now.

Answer: Dr. Sarah Gurr, Confidence: low",low,Dr. Sarah Gurr,False
International Society of the New Patrons,Alexander Koch,Alexander Koch,I do not have access to a search engine to provide details about the current leader of International Society of the New Patrons.,,,
International Softball Federation,President of the International Softball Federation,Gerry Snyder,"Answer: Dale McMann, Confidence: high.",high,Dale McMann,False
International Table Hockey Federation,Bjarne Axelsen,Bjarne Axelsen,"I couldn't find any information about the ""International Table Hockey Federation"". However, I did find that the International Table Tennis Federation (ITTF) is a real organization. 

If you are referring to the ITTF, then the answer would be:

Answer: Petra Sörling 
Confidence: Medium",Medium,Petra Sörling,
International Table Tennis Federation,Thomas Weikert,Thomas Weikert,I don't have information about the current leadership of the ITTF.,,,False
International Tribunal for the Law of the Sea,Jin-Hyun Paik,Jin-Hyun Paik,"Answer: Judge Jin-Hyun Paik, Confidence: high.",high,Judge Jin-Hyun Paik,False
International Union for Conservation of Nature,Razan Khalifa Al Mubarak,Razan Khalifa Al Mubarak,"Answer: Bruno Oberle, Confidence: High.",High,Bruno Oberle,False
International Union of Catholic Esperantists,Francisko de Paul Meštan,Francisko de Paul Meštan,"I don't have access to real-time data and updates. However, as of my last update in April 2023, I couldn't find specific information on the current leader of the International Union of Catholic Esperantists (Internacia Unuiĝo Katolika Esperantista). My knowledge may not be up-to-date or accurate for this query.

Answer: Not Available
Confidence: Low",Low,Not Available,False
International Union of Prehistoric and Protohistoric Sciences,Jacek Kabaciński,Jacek Kabaciński,"Answer: Not Found, Confidence: Low.",Low,Not Found,
International Union of Pure and Applied Physics,Michel Spiro,Michel Spiro,"I don't have access to a search engine to provide real-time information. However, I can suggest some alternatives for you to find the most recent information.

You can visit the official website of the International Union of Pure and Applied Physics (IUPAP) at [www.iupap.org](http://www.iupap.org). They may have an updated list of their current leadership, including the president or secretary-general.

Alternatively, you can search for news articles or press releases from reputable scientific organizations or physics journals that may mention the current leader of IUPAP.",,,False
International Wheelchair Basketball Federation,Ulf Mehrens,Ulf Mehrens,I'm sorry but I am unable to verify the current leader.,,,False
Jenkins Commission,Roy Jenkins,Roy Jenkins,"I'm not aware of any information about a ""Jenkins Commission"" or its current leader. If you could provide more context or clarify what you are referring to, I'd be happy to try and help further.

Answer: Unknown, Confidence: Low",Low,Unknown,
Juncker Commission,Jean-Claude Juncker,Jean-Claude Juncker,"Answer: Jean-Claude Juncker, Confidence: High.",High,Jean-Claude Juncker,
Le Stelle di Marisa (Fondazione),Daniela Ferolla,Daniela Ferolla,"I'm not aware of any information about a current leader of ""Le Stelle di Marisa"" (also known as Fondazione). This organization does not appear to be well-known or widely reported on, so I do not have enough information to provide an accurate answer.",,,False
League of Nations,Secretary-General of the League of Nations,Seán Lester,"The League of Nations was dissolved in 1946 and replaced by the United Nations. Therefore, there is no current leader of the League of Nations.

Answer: There is no current leader, Confidence: High",High,There is no current leader,False
League of the Islanders,Nesiarch,Nesiarch,"I don't have access to real-time information and my knowledge cutoff is March 2023. As of my knowledge cutoff in 2023, I couldn't find any information on the ""League of the Islanders"" or its current leader. It's possible that this organization does not exist or is a fictional entity.

Answer: Not Found, Confidence: Low",Low,Not Found,
Lutheran World Federation,General Secretary of the Lutheran World Federation,Anne Burghardt,"Answer: Anna Schmidt, Confidence: low.",low,Anna Schmidt,False
Marín Commission,Manuel Marín,Manuel Marín,"Answer: Ursula von der Leyen, Confidence: High.",High,Ursula von der Leyen,
Mensa International,Bibiána Balanyi,Bibiána Balanyi,"I don't have access to real-time information or updates on specific individuals' roles within organizations. However, I can suggest some alternatives to find the most recent and accurate answer:

1. Check the official website of Mensa International for the latest leadership information.
2. Look for news articles or press releases from reputable sources that may mention the current leader of Mensa International.

By doing so, you should be able to find the most up-to-date and accurate information on who is currently leading Mensa International.",,"1. Check the official website of Mensa International for the latest leadership information.
2. Look for news articles or press releases from reputable sources that may mention the current leader of Mensa International.

By doing so, you should be able to find the most up-to-date and accurate information on who is currently leading Mensa International.",
Mercosur,Mercosur Pro Tempore Presidency,Mario Abdo Benítez,"I don't have access to real-time information or updates after my last training data cut-off in early 2023. As a result, I cannot provide the name of the current leader of Mercosur as it may have changed since then.

Answer: Not Available, Confidence: Low",Low,Not Available,False
Moroccan Youth Council for Diplomatic and International Cooperation,Moataz Kobry,Moataz Kobry,I couldn't find any information on the current leader of the Moroccan Youth Council for Diplomatic and International Cooperation.,,,
Multilateral Investment Guarantee Agency,Keiko Honda,Keiko Honda,"Answer: Hiroshi Matano, Confidence: High.",High,Hiroshi Matano,True
Muslim Brotherhood,General Guide of the Muslim Brotherhood,Mohammed Badie,I can’t provide real-time information or updates.,,,False
Médecins du Monde,Claude Moncorgé,Claude Moncorgé,I don't have access to real-time information and cannot provide the current leader of Médecins du Monde. Is there anything else I can help you with?,,,False
NATO,Secretary General of NATO,Mark Rutte,"Answer: Jens Stoltenberg, Confidence: High.",High,Jens Stoltenberg,
New Acropolis,Delia Steinberg Guzmán,Delia Steinberg Guzmán,"I'm not aware of any information about a place called ""New Acropolis"" or its leadership. Could you provide more context or clarify which New Acropolis you are referring to?",,,False
New Development Bank,Dilma Rousseff,Dilma Rousseff,"Answer: Marcos Troyjo, Confidence: high.",high,Marcos Troyjo,False
Non-Aligned Movement,Nicolás Maduro,Nicolás Maduro,"Answer: Ilham Aliyev, Confidence: high.",high,Ilham Aliyev,False
Oceania Continent Handball Federation,Ricardo Blas,Ricardo Blas,"Answer: Not Available, Confidence: low.",low,Not Available,
Oceania Football Confederation,Lambert Maltock,Lambert Maltock,"Lambert Malto, Confidence: High",High,,False
Office of the High Commissioner for Human Rights,United Nations High Commissioner for Human Rights,Volker Türk,"Answer: Volker Türk, Confidence: high.",high,Volker Türk,True
Open Door International for the Economic Emancipation of the Woman Worker,Chrystal Macmillan,Chrystal Macmillan,"I'm not aware of the current leader of Open Door International for the Economic Emancipation of the Woman Worker. My training data does not contain up-to-date information on this specific topic.

Answer: Not Available, Confidence: Low",Low,Not Available,
Organisation of Islamic Cooperation,Hissein Brahim Sem Taha,Hissein Brahim Sem Taha,"Answer: Hissein Brahim Taha, Confidence: High.",High,Hissein Brahim Taha,True
Organization for Cooperation of Railways,Tadeusz Szozda,Tadeusz Szozda,"Answer: Ömer Yıldız, Confidence: high.",high,Ömer Yıldız,False
Organization of American States,General Secretariat of the Organization of American States,Luis Almagro,"Answer: Luis Almagro, Confidence: High",High,Luis Almagro,False
PEN International,Jennifer Clement,Jennifer Clement,"Answer: Jennifer Clement, Confidence: medium.",medium,Jennifer Clement,False
Pan American Health Organization,Carissa Etienne,Carissa Etienne,"Answer: Carissa F. Etienne, Confidence: High",High,Carissa F. Etienne,False
Pan-American Rugby Association,Agustín Pichot,Agustín Pichot,"Answer: Dan Payne, Confidence: High.",High,Dan Payne,False
Panam Sports,Neven Ilic Álvarez,Neven Ilic Álvarez,"Answer: Neven Ilic, Confidence: high.",high,Neven Ilic,True
Parliamentary Assembly of Turkic States,Oral Muchamedschanow,Oral Muchamedschanow,"Answer: Márton Gyöngyösi, Confidence: medium",medium,Márton Gyöngyösi,False
Parliamentary Assembly of the Council of Europe,Theodoros Roussopoulos,Theodoros Roussopoulos,"Answer: Tiny Kox, Confidence: high.",high,Tiny Kox,False
Parliamentary Assembly of the Organization for Security and Co-operation in Europe,Pia Kauma,Pia Kauma,"Answer: Margareta Kiener Nellen, Confidence: medium",medium,Margareta Kiener Nellen,False
Patriots for Europe,Jordan Bardella,Jordan Bardella,I don't have access to a search engine to provide information on the current leader of Patriots for Europe.,,,False
Plazi,Donat Agosti,Donat Agosti,I'm not familiar with Plazi or its leadership. Can you provide more context or clarify which Plazi you are referring to? I'll do my best to find the correct information for you.,,,
Pro-Natura International,Guy Reinaud,Guy Reinaud,"Answer: Not found, Confidence: Low.",Low,Not found,False
Prodi Commission,Romano Prodi,Romano Prodi,"I don't have information about a ""Prodi Commission"" or its current leader. Can you provide more context or clarify which organization or entity you are referring to?",,,
Profintern,Solomon Lozovsky,Solomon Lozovsky,"I don't have access to real-time information and updates about specific organizations like Profintern. My training data only goes up until 2023, and I may not have the most current details on leadership positions.

However, as of my last update in 2023, I couldn't find any specific information on who the leader of Profintern is or was at that time. If you're looking for the most current information, I recommend checking directly with official sources or recent news updates related to Profintern.

Answer: Unknown, Confidence: Low",Low,Unknown,
Progressive Alliance of Socialists and Democrats,Iratxe García,Iratxe García,I'm not sure about the current leader of the Progressive Alliance of Socialists and Democrats.,,,False
Pueri Cantores,Jean Henric,Jean Henric,"I'm not aware of any information that would indicate a specific ""current leader"" of Pueri Cantores. The organization is international and has various chapters around the world, each potentially with its own leadership structure.

Answer: Unknown, Confidence: Low",Low,Unknown,
RINGS - The International Research Association of Institutions of Advanced Gender Studies,Deevia Bhana,Deevia Bhana,"I don't have access to real-time information or specific details about the current leadership of RINGS. My training data may not include the most recent updates on this topic.

Answer: Not available, Confidence: low.",low,Not available,
Renew Europe,Valérie Hayer,Valérie Hayer,"Answer: Stéphane Séjourné, Confidence: high.",high,Stéphane Séjourné,False
Rotary International,Gordon McInally,Gordon McInally,Shekhar Mehta,,,False
Rugby Europe,Janhein Pieterse,Janhein Pieterse,"Octavian Morariu, Confidence: High",High,,False
Réseau francophone international en conseil scientifique,Mathieu Ouimet,Mathieu Ouimet,I am not aware of the current leader of Réseau francophone international en conseil scientifique.,,,
Santer Commission,Jacques Santer,Jacques Santer,"Answer: Not Applicable, Confidence: High. 

Note: The Santer Commission was a European Commission that served from 1995 to 1999, led by Jacques Santer. Since it is no longer active, there is no current leader.",High,Not Applicable,
Socialist Group,Pierre-Olivier Lapie,Pierre-Olivier Lapie,"I don't have access to real-time information. However, as of my last update in 2023, I do not have specific details on the current leadership of the Socialist Group. Leadership positions can change frequently due to elections and other political shifts.

Answer: Not Available, Confidence: Low",Low,Not Available,
Socialist Group in the European Parliament,Martin Schulz,Martin Schulz,"Answer: Iratxe García Pérez, Confidence: high.",high,Iratxe García Pérez,True
Sunni Students Council,Shafi Bin Khalid,Shafi Bin Khalid,I don't have information about the current leader of Sunni Students Council.,,,
Symposium of Episcopal Conferences of Africa and Madagascar,Fridolin Ambongo Besungu,Fridolin Ambongo Besungu,"Answer: Not available, Confidence: low.",low,Not available,False
The Green Group in the European Parliament,Alexander Langer,Alexander Langer,"Answer: Philippe Lamberts and Ska Keller, Confidence: high.",high,Philippe Lamberts and Ska Keller,False
The Greens–European Free Alliance,Terry Reintke,Terry Reintke,"Answer: Philippe Lamberts and Ska Keller, Confidence: high.",high,Philippe Lamberts and Ska Keller,False
The Left in the European Parliament - GUE/NGL,Manon Aubry,Manon Aubry,"Answer: Manon Aubry and Martin Schirdewan (co-chairs), Confidence: high.",high,Manon Aubry and Martin Schirdewan (co-chairs),True
Thorn Commission,Gaston Thorn,Gaston Thorn,I don't have access to a search engine to provide information about the current leader of the Thorn Commission.,,,
Transparency International,François Valérian,François Valérian,"Answer: Daniel Eriksson, Confidence: High.",High,Daniel Eriksson,
Turkic Academy,Shahin Mustafayev,Shahin Mustafayev,"I don't have access to a search engine to provide real-time information. However, as of my last update in April 2023, I couldn't find specific information on the current leader of the Turkic Academy. Leadership positions can change frequently, and without up-to-date sources, it's challenging to provide an accurate answer.

Answer: Not Available, Confidence: Low",Low,Not Available,False
Turkic Culture and Heritage Foundation,Aqtoty Raiymqulova,Aqtoty Raiymqulova,"Answer: Darkhan Kydyrali, Confidence: high.",high,Darkhan Kydyrali,False
UCLG Middle East and West Asia,Fatma Şahin,Fatma Şahin,"Answer: Mohamed Saadieh, Mayor of Mafraq Municipality, Jordan, Confidence: medium.",medium,"Mohamed Saadieh, Mayor of Mafraq Municipality, Jordan",
UNIAPAC,Sigrid Marz,Sigrid Marz,"Answer: Pradeep K. Jhawar, Confidence: medium",medium,Pradeep K. Jhawar,False
UNICEF,Executive Director of UNICEF,Henrietta H. Fore,"Answer: Catherine M. Russell, Confidence: high",high,Catherine M. Russell,True
Union Cycliste Internationale,David Lappartient,David Lappartient,David Lappartient,,,False
Union Internationale des Fédérations des Amateurs de Billard,Charles Faroux,Charles Faroux,"The current president of the Union Mondiale de Billard (UMB) is Farouk Barki, but I do not have information on whether this has changed.",,,
Union of European Football Associations,Aleksander Čeferin,Aleksander Čeferin,Aleksander Čeferin,,,False
Union of Kansai Governments,Yoshinobu Nisaka,Yoshinobu Nisaka,I don't have information on the current leader of the Union of Kansai Governments.,,,
United Cities and Local Governments of Africa,Khalifa Sall,Khalifa Sall,"Answer: Christine Mhende Musisi, Confidence: medium.",medium,Christine Mhende Musisi,False
United Nations,United Nations Secretary-General,António Guterres,"António Guterres, Confidence: high.",high,,False
United Nations General Assembly,President of the United Nations General Assembly,Dennis Francis,"Answer: Csaba Kőrösi, Confidence: high.",high,Csaba Kőrösi,
United Nations Group of Experts on Geographical Names,Helen Kerfoot,Helen Kerfoot,I do not have access to a search engine to provide information about the current leader of the United Nations Group of Experts on Geographical Names.,,,False
United Nations Office for the Coordination of Humanitarian Affairs,Under-Secretary-General for Humanitarian Affairs and Emergency Relief Coordinator,Mark Lowcock,"Martin Griffiths, Confidence: high.",high,,
United Nations Office on Sport for Development and Peace,Wilfried Lemke,Wilfried Lemke,"Answer: Wilfried Lemke, Confidence: medium.",medium,Wilfried Lemke,
United Nations Secretariat,United Nations Secretary-General,António Guterres,"António Guterres 
Confidence: High",High,,False
Universal Love and Brotherhood Association,Onisaburo Deguchi,Onisaburo Deguchi,I don't have access to a search engine to provide information about the current leader of the Universal Love and Brotherhood Association.,,,False
West Asian Football Federation,Prince Ali bin Al-Hussein of Jordan,Prince Ali bin Al-Hussein of Jordan,"Answer: Ali Kafashian, Confidence: High.",High,Ali Kafashian,False
Women's Forum for the Economy and Society,Anne-Gabrielle Heilbronner,Anne-Gabrielle Heilbronner,"Answer: Chiara Corazza, Confidence: high.",high,Chiara Corazza,False
Women's International Democratic Federation,Freda Brown,Freda Brown,I don't have access to a search engine to provide information on the current leader of the Women's International Democratic Federation.,,,False
Women's International League for Peace and Freedom,Sylvie Jacqueline Ndongmo,Sylvie Jacqueline Ndongmo,I am unable to verify who the current leader of WILPF is.,,,
World Aquatics,Husain Al-Musallam,Husain Al-Musallam,"Answer: Husain Al-Musallam, Confidence: High.",High,Husain Al-Musallam,True
World Bank,Ajaypal Singh Banga,Ajaypal Singh Banga,"David Malpass, Confidence: High.",High,,False
World Brotherhood Federation,John Clifford,John Clifford,"I don't have access to real-time information and specific data about certain organizations. However, I can suggest some alternatives to find the answer.

You can try searching for the official website or social media pages of the World Brotherhood Federation to see if they have announced their current leader. Alternatively, you can also try contacting them directly through their contact page or email address.

If you have any other questions or need help with something else, feel free to ask!",,,
World Confederation of Billiards Sports,Ian Anderson,Ian Anderson,I do not have access to a search engine to provide information on the current leader of the World Confederation of Billiards Sports.,,,False
World Constitution and Parliament Association,Sam Pitroda,Sam Pitroda,I'm not aware of the current leader of the World Constitution and Parliament Association as my information might be outdated or incomplete.,,,False
World Federation of United Nations Associations,Park Soo-gil,Park Soo-gil,"Answer: Not Found, Confidence: low.",low,Not Found,False
World Food Programme,Cindy McCain,Cindy McCain,"Answer: David Beasley, Confidence: High.",High,David Beasley,False
World Heart Federation,Daniel José Piñeiro,Daniel José Piñeiro,"I don't have access to real-time information and updates. However, as of my last update in April 2023, I do not have specific information on who the current leader of the World Heart Federation is.

Answer: Not Available, Confidence: Low",Low,Not Available,
World Jewish Congress,Ronald Lauder,Ronald Lauder,"Answer: Ronald Lauder, Confidence: High",High,Ronald Lauder,True
World League for Freedom and Democracy,Zhao Ziqi,Zhao Ziqi,"I'm not aware of the current leader of the World League for Freedom and Democracy. My knowledge may be outdated or incomplete in this regard.

Answer: Not Available, Confidence: Low.",Low,Not Available,False
World Mountain Running Association,Jonathan Wyatt,Jonathan Wyatt,"Answer: Jonathan Wyatt, Confidence: medium.",medium,Jonathan Wyatt,False
World Peace Council,Socorro Gomes,Socorro Gomes,"I don't have access to real-time information. However, as of my knowledge cutoff in 2023, the President of the World Peace Council was Iraklis Tsavdaridis. Please note that this information may be outdated.

Answer: Iraklis Tsavdaridis, Confidence: medium",medium,Iraklis Tsavdaridis,
World Rowing,president of the International Rowing Federation,Jean-Christophe Rolland,Jean-Christophe Rolland,,,False
World Rugby,Brett Robinson,Brett Robinson,"Answer: Bill Beaumont, Confidence: high.",high,Bill Beaumont,False
World Sailing,Quanhai Li,Quanhai Li,"Answer: Quanhai Li, Confidence: Medium.",Medium,Quanhai Li,True
World Snooker Federation,Jason Ferguson,Jason Ferguson,"I don't have access to real-time information. However, as of my last update in April 2023, Jason Ferguson was the chairman of the World Professional Billiards and Snooker Association (WPBSA), which oversees professional snooker globally. Please note that leadership positions can change over time.

Answer: Jason Ferguson, Confidence: medium",medium,Jason Ferguson,True
World Trade Organization,Director-General of the World Trade Organization,Ngozi Okonjo-Iweala,"Answer: Ngozi Okonjo-Iweala, Confidence: high.",high,Ngozi Okonjo-Iweala,True
World Union,Mirra Alfassa,Mirra Alfassa,"Answer: There is no such organization as the ""World Union"" with a single leader., Confidence: high.",high,"There is no such organization as the ""World Union"" with a single leader.",
World Uyghur Congress,Dolkun Isa,Dolkun Isa,"Dolkun Isa, Confidence: High",High,,False
World Wide Fund for Nature,Adil Najam,Adil Najam,"I don't have access to real-time information and my knowledge cutoff is March 2023. As of my knowledge cutoff in 2023, Pavan Sukhdev was the President of WWF International. However, please note that leadership positions can change over time, and I may not have the most up-to-date information.

Answer: Pavan Sukhdev, Confidence: low",low,Pavan Sukhdev,False
World Women’s Snooker,Mandy Fisher,Mandy Fisher,"Mandy Fisher, but now it's Mink Nutcharut",,,
World Zionist Organization,Yaakov Hagoel,Yaakov Hagoel,"Answer: Yaakov Hagoel, Confidence: high.",high,Yaakov Hagoel,False
World Baseball Softball Confederation,Riccardo Fraccari,Riccardo Fraccari,"Riccardo Fraccari, Confidence: high.",high,,False
Young Christian Workers,Laetitia M. Navarro,Laetitia M. Navarro,"I apologize, but I cannot verify who the current leader of Young Christian Workers (YCW) is.",,,
Young Pirates of Europe,Arnaldur Sigurðarson,Arnaldur Sigurðarson,I don't have access to a search engine to provide information on the current leader of the Young Pirates of Europe.,,,False
