embassy,embassyLabel,hostCountry,hostCountryLabel,operatorCountry,operatorCountryLabel,ambassador,ambassadorLabel
http://www.wikidata.org/entity/Q5369797,"Embassy of Montenegro, Tirana",http://www.wikidata.org/entity/Q222,Albania,http://www.wikidata.org/entity/Q236,Montenegro,http://www.wikidata.org/entity/Q18226695,Željko Perović
http://www.wikidata.org/entity/Q5369974,"Embassy of the United States, Tirana",http://www.wikidata.org/entity/Q222,Albania,http://www.wikidata.org/entity/Q30,United States,http://www.wikidata.org/entity/Q5294719,Donald Lu
http://www.wikidata.org/entity/Q15109295,"Embassy of Germany, Tirana",http://www.wikidata.org/entity/Q222,Albania,http://www.wikidata.org/entity/Q183,Germany,http://www.wikidata.org/entity/Q101516010,Karlfried Bergner
http://www.wikidata.org/entity/Q58212405,"Embassy of Germany, Algiers",http://www.wikidata.org/entity/Q262,Algeria,http://www.wikidata.org/entity/Q183,Germany,http://www.wikidata.org/entity/Q130214505,Georg Felsheim
http://www.wikidata.org/entity/Q21042235,"Embassy of Germany, Luanda",http://www.wikidata.org/entity/Q916,Angola,http://www.wikidata.org/entity/Q183,Germany,http://www.wikidata.org/entity/Q110154331,Stefan Traumann
http://www.wikidata.org/entity/Q58270639,"Embassy of Germany, Buenos Aires",http://www.wikidata.org/entity/Q414,Argentina,http://www.wikidata.org/entity/Q183,Germany,http://www.wikidata.org/entity/Q110602037,Dieter Lamlé
http://www.wikidata.org/entity/Q17376115,"Embassy of the United Kingdom, Buenos Aires",http://www.wikidata.org/entity/Q414,Argentina,http://www.wikidata.org/entity/Q145,United Kingdom,http://www.wikidata.org/entity/Q26196946,Mark Kent
http://www.wikidata.org/entity/Q5369976,"Embassy of the United States, Yerevan",http://www.wikidata.org/entity/Q399,Armenia,http://www.wikidata.org/entity/Q30,United States,http://www.wikidata.org/entity/Q21932292,"Richard M. Mills, Jr."
http://www.wikidata.org/entity/Q2841724,"embassy of France, Yerevan",http://www.wikidata.org/entity/Q399,Armenia,http://www.wikidata.org/entity/Q142,France,http://www.wikidata.org/entity/Q73400014,Olivier Decottignies
http://www.wikidata.org/entity/Q28667078,"Embassy of Russia, Yerevan",http://www.wikidata.org/entity/Q399,Armenia,http://www.wikidata.org/entity/Q159,Russia,http://www.wikidata.org/entity/Q56307557,Sergey Kopirkin
http://www.wikidata.org/entity/Q31193882,"Embassy of Germany, Yerevan",http://www.wikidata.org/entity/Q399,Armenia,http://www.wikidata.org/entity/Q183,Germany,http://www.wikidata.org/entity/Q129083847,Claudia Busch
http://www.wikidata.org/entity/Q5369695,"Embassy of Germany, Canberra",http://www.wikidata.org/entity/Q408,Australia,http://www.wikidata.org/entity/Q183,Germany,http://www.wikidata.org/entity/Q123300342,Beate Grzeski
http://www.wikidata.org/entity/Q106463586,embassy of Hungary in Australia,http://www.wikidata.org/entity/Q408,Australia,http://www.wikidata.org/entity/Q28,Hungary,http://www.wikidata.org/entity/Q1177081,István Mikola
http://www.wikidata.org/entity/Q4555169,"Embassy of Russia, Vienna",http://www.wikidata.org/entity/Q40,Austria,http://www.wikidata.org/entity/Q159,Russia,http://www.wikidata.org/entity/Q768958,Stanislav Osadchiy
http://www.wikidata.org/entity/Q5369829,"Embassy of Poland, Vienna",http://www.wikidata.org/entity/Q40,Austria,http://www.wikidata.org/entity/Q36,Poland,http://www.wikidata.org/entity/Q56556590,Jolanta Róża Kozłowska
http://www.wikidata.org/entity/Q5369858,"Embassy of Serbia, Vienna",http://www.wikidata.org/entity/Q40,Austria,http://www.wikidata.org/entity/Q403,Serbia,http://www.wikidata.org/entity/Q16087590,Nebojša Rodić
http://www.wikidata.org/entity/Q572567,"Embassy of France, Vienna",http://www.wikidata.org/entity/Q40,Austria,http://www.wikidata.org/entity/Q142,France,http://www.wikidata.org/entity/Q3106464,Gilles Pécout
http://www.wikidata.org/entity/Q572567,"Embassy of France, Vienna",http://www.wikidata.org/entity/Q40,Austria,http://www.wikidata.org/entity/Q142,France,http://www.wikidata.org/entity/Q11984842,Philippe Carré
http://www.wikidata.org/entity/Q572567,"Embassy of France, Vienna",http://www.wikidata.org/entity/Q40,Austria,http://www.wikidata.org/entity/Q142,France,http://www.wikidata.org/entity/Q29019464,François Saint-Paul
http://www.wikidata.org/entity/Q572567,"Embassy of France, Vienna",http://www.wikidata.org/entity/Q40,Austria,http://www.wikidata.org/entity/Q142,France,http://www.wikidata.org/entity/Q33110005,Matthieu Peyraud
http://www.wikidata.org/entity/Q1202238,"Embassy of Germany, Vienna",http://www.wikidata.org/entity/Q40,Austria,http://www.wikidata.org/entity/Q183,Germany,http://www.wikidata.org/entity/Q120749607,Vito Cecere
http://www.wikidata.org/entity/Q54168997,Embassy of Hungary in Austria,http://www.wikidata.org/entity/Q40,Austria,http://www.wikidata.org/entity/Q28,Hungary,http://www.wikidata.org/entity/Q14922928,Andor Nagy
http://www.wikidata.org/entity/Q16415875,"Embassy of Germany, Baku",http://www.wikidata.org/entity/Q227,Azerbaijan,http://www.wikidata.org/entity/Q183,Germany,http://www.wikidata.org/entity/Q113884276,Ralf Horlemann
http://www.wikidata.org/entity/Q67796350,Embassy of Hungary in Baku,http://www.wikidata.org/entity/Q227,Azerbaijan,http://www.wikidata.org/entity/Q28,Hungary,http://www.wikidata.org/entity/Q55199209,Viktor Szederkenyi
http://www.wikidata.org/entity/Q58282782,"Embassy of Germany, Manama",http://www.wikidata.org/entity/Q398,Bahrain,http://www.wikidata.org/entity/Q183,Germany,http://www.wikidata.org/entity/Q117398639,Clemens Hach
http://www.wikidata.org/entity/Q15216585,"Embassy of the United States, Manama",http://www.wikidata.org/entity/Q398,Bahrain,http://www.wikidata.org/entity/Q30,United States,http://www.wikidata.org/entity/Q35710423,Justin Siberell
http://www.wikidata.org/entity/Q24948072,"Embassy of Germany, Bangladesh",http://www.wikidata.org/entity/Q902,Bangladesh,http://www.wikidata.org/entity/Q183,Germany,http://www.wikidata.org/entity/Q55401469,Achim Tröster
http://www.wikidata.org/entity/Q33117413,"Embassy of Hungary, Minsk",http://www.wikidata.org/entity/Q184,Belarus,http://www.wikidata.org/entity/Q28,Hungary,http://www.wikidata.org/entity/Q20559830,Jolt Çutora
http://www.wikidata.org/entity/Q58294115,"Embassy of Germany, Brussels",http://www.wikidata.org/entity/Q31,Belgium,http://www.wikidata.org/entity/Q183,Germany,http://www.wikidata.org/entity/Q73014831,Martin Kotthaus
http://www.wikidata.org/entity/Q63247384,"Embassy of Hungary in Belgium, Brussel",http://www.wikidata.org/entity/Q31,Belgium,http://www.wikidata.org/entity/Q28,Hungary,http://www.wikidata.org/entity/Q1120412,Tamás Iván Kovács
http://www.wikidata.org/entity/Q58288867,"Embassy of Germany, Cotonou",http://www.wikidata.org/entity/Q962,Benin,http://www.wikidata.org/entity/Q183,Germany,http://www.wikidata.org/entity/Q123168534,Stefan Buchwald
http://www.wikidata.org/entity/Q58488069,"Embassy of Germany, La Paz",http://www.wikidata.org/entity/Q750,Bolivia,http://www.wikidata.org/entity/Q183,Germany,http://www.wikidata.org/entity/Q113950532,José Schulz
http://www.wikidata.org/entity/Q58488501,"Embassy of Germany, Sarajevo",http://www.wikidata.org/entity/Q225,Bosnia and Herzegovina,http://www.wikidata.org/entity/Q183,Germany,http://www.wikidata.org/entity/Q70843391,Thomas Fitschen
http://www.wikidata.org/entity/Q5369968,"Embassy of the United States, Sarajevo",http://www.wikidata.org/entity/Q225,Bosnia and Herzegovina,http://www.wikidata.org/entity/Q30,United States,http://www.wikidata.org/entity/Q18921578,Maureen Cormack
http://www.wikidata.org/entity/Q58490877,"Embassy of Germany, Gaborone",http://www.wikidata.org/entity/Q963,Botswana,http://www.wikidata.org/entity/Q183,Germany,http://www.wikidata.org/entity/Q130624083,Gabriela Bennemann
http://www.wikidata.org/entity/Q43083447,"Embassy of the United States, Gaborone",http://www.wikidata.org/entity/Q963,Botswana,http://www.wikidata.org/entity/Q30,United States,http://www.wikidata.org/entity/Q47309514,Earl R. Miller
http://www.wikidata.org/entity/Q5369693,"Embassy of Germany, Brasília",http://www.wikidata.org/entity/Q155,Brazil,http://www.wikidata.org/entity/Q183,Germany,http://www.wikidata.org/entity/Q20752036,Bettina Cadenbach
http://www.wikidata.org/entity/Q58491304,"Embassy of Germany, Bandar Seri Begawan",http://www.wikidata.org/entity/Q921,Brunei,http://www.wikidata.org/entity/Q183,Germany,http://www.wikidata.org/entity/Q104672336,Gerda Winkler
http://www.wikidata.org/entity/Q58491509,"Embassy of Germany, Sofia",http://www.wikidata.org/entity/Q219,Bulgaria,http://www.wikidata.org/entity/Q183,Germany,http://www.wikidata.org/entity/Q117824590,Irene Maria Plank
http://www.wikidata.org/entity/Q31194238,"Embassy of Armenia, Sofia",http://www.wikidata.org/entity/Q219,Bulgaria,http://www.wikidata.org/entity/Q399,Armenia,http://www.wikidata.org/entity/Q21212735,Armen Sargsyan
http://www.wikidata.org/entity/Q58492031,"Embassy of Germany, Ouagadougou",http://www.wikidata.org/entity/Q965,Burkina Faso,http://www.wikidata.org/entity/Q183,Germany,http://www.wikidata.org/entity/Q13422632,Dietrich Becker
http://www.wikidata.org/entity/Q58492167,"Embassy of Germany, Bujumbura",http://www.wikidata.org/entity/Q967,Burundi,http://www.wikidata.org/entity/Q183,Germany,http://www.wikidata.org/entity/Q123181170,Carsten Hölscher
http://www.wikidata.org/entity/Q58731951,"Embassy of Germany, Phnom Penh",http://www.wikidata.org/entity/Q424,Cambodia,http://www.wikidata.org/entity/Q183,Germany,http://www.wikidata.org/entity/Q115380170,Stefan Messerer
http://www.wikidata.org/entity/Q28666956,"Embassy of Russia, Phnom Penh",http://www.wikidata.org/entity/Q424,Cambodia,http://www.wikidata.org/entity/Q159,Russia,http://www.wikidata.org/entity/Q18279717,Q18279717
http://www.wikidata.org/entity/Q58737314,"Embassy of Germany, Yaounde",http://www.wikidata.org/entity/Q1009,Cameroon,http://www.wikidata.org/entity/Q183,Germany,http://www.wikidata.org/entity/Q98893428,Corinna Fricke
http://www.wikidata.org/entity/Q5369719,"Embassy of Hungary, Ottawa",http://www.wikidata.org/entity/Q16,Canada,http://www.wikidata.org/entity/Q28,Hungary,http://www.wikidata.org/entity/Q99220043,Mária Vass-Salazar
http://www.wikidata.org/entity/Q653784,"Embassy of France, Ottawa",http://www.wikidata.org/entity/Q16,Canada,http://www.wikidata.org/entity/Q142,France,http://www.wikidata.org/entity/Q33259813,Kareen Rispal
http://www.wikidata.org/entity/Q937730,"Embassy of Mexico, Ottawa",http://www.wikidata.org/entity/Q16,Canada,http://www.wikidata.org/entity/Q96,Mexico,http://www.wikidata.org/entity/Q18218053,Francisco Suárez Dávila
http://www.wikidata.org/entity/Q59273683,"Embassy of Germany, N'Djamena",http://www.wikidata.org/entity/Q657,Chad,http://www.wikidata.org/entity/Q183,Germany,http://www.wikidata.org/entity/Q130719803,Gregor Schotten
http://www.wikidata.org/entity/Q58492288,"Embassy of Germany, Santiago",http://www.wikidata.org/entity/Q298,Chile,http://www.wikidata.org/entity/Q183,Germany,http://www.wikidata.org/entity/Q126271477,Susanne Fries-Gaier
http://www.wikidata.org/entity/Q63616745,"Embassy of Hungary, Santiago de Chile",http://www.wikidata.org/entity/Q298,Chile,http://www.wikidata.org/entity/Q28,Hungary,http://www.wikidata.org/entity/Q117262362,Edit Bucsi-Szabó
http://www.wikidata.org/entity/Q58869927,"Embassy of Germany, Bogotá",http://www.wikidata.org/entity/Q739,Colombia,http://www.wikidata.org/entity/Q183,Germany,http://www.wikidata.org/entity/Q104886759,Martina Klumpp
http://www.wikidata.org/entity/Q58492492,"Embassy of Germany, San José",http://www.wikidata.org/entity/Q800,Costa Rica,http://www.wikidata.org/entity/Q183,Germany,http://www.wikidata.org/entity/Q58895965,Daniel Kriener
http://www.wikidata.org/entity/Q58876415,"Embassy of Germany, Zagreb",http://www.wikidata.org/entity/Q224,Croatia,http://www.wikidata.org/entity/Q183,Germany,http://www.wikidata.org/entity/Q19277346,Christian Hellbach
http://www.wikidata.org/entity/Q58888269,"Embassy of Germany, Havana",http://www.wikidata.org/entity/Q241,Cuba,http://www.wikidata.org/entity/Q183,Germany,http://www.wikidata.org/entity/Q125523972,Frank Rückert
http://www.wikidata.org/entity/Q109178411,embassy of Guinea in Cuba,http://www.wikidata.org/entity/Q241,Cuba,http://www.wikidata.org/entity/Q1006,Guinea,http://www.wikidata.org/entity/Q109044655,Aboubacar Sidiki Camara
http://www.wikidata.org/entity/Q31887327,"Embassy of Germany, Nicosia",http://www.wikidata.org/entity/Q229,Cyprus,http://www.wikidata.org/entity/Q183,Germany,http://www.wikidata.org/entity/Q109653058,Anke Schlimm
http://www.wikidata.org/entity/Q5369965,"Embassy of the United States, Prague",http://www.wikidata.org/entity/Q213,Czech Republic,http://www.wikidata.org/entity/Q30,United States,http://www.wikidata.org/entity/Q37084447,Stephen B. King
http://www.wikidata.org/entity/Q834465,"Embassy of Germany, Prague",http://www.wikidata.org/entity/Q213,Czech Republic,http://www.wikidata.org/entity/Q183,Germany,http://www.wikidata.org/entity/Q117824732,Andreas Künne
http://www.wikidata.org/entity/Q31194240,"Armenian Embassy, Prague",http://www.wikidata.org/entity/Q213,Czech Republic,http://www.wikidata.org/entity/Q399,Armenia,http://www.wikidata.org/entity/Q20511214,Q20511214
http://www.wikidata.org/entity/Q63639169,"Embassy of Hungary, Prague",http://www.wikidata.org/entity/Q213,Czech Republic,http://www.wikidata.org/entity/Q28,Hungary,http://www.wikidata.org/entity/Q63859977,Miklós Boros
http://www.wikidata.org/entity/Q58873669,"Embassy of Germany, Kinshasa",http://www.wikidata.org/entity/Q974,Democratic Republic of the Congo,http://www.wikidata.org/entity/Q183,Germany,http://www.wikidata.org/entity/Q58856157,Ingo Herbert
http://www.wikidata.org/entity/Q58577956,"Embassy of Germany, Djibouti",http://www.wikidata.org/entity/Q977,Djibouti,http://www.wikidata.org/entity/Q183,Germany,http://www.wikidata.org/entity/Q113863815,Heike Fuller
http://www.wikidata.org/entity/Q58563562,"Embassy of Germany, Santo Domingo",http://www.wikidata.org/entity/Q786,Dominican Republic,http://www.wikidata.org/entity/Q183,Germany,http://www.wikidata.org/entity/Q113951109,Maike Friedrichsen
http://www.wikidata.org/entity/Q58581912,"Embassy of Germany, Quito",http://www.wikidata.org/entity/Q736,Ecuador,http://www.wikidata.org/entity/Q183,Germany,http://www.wikidata.org/entity/Q79100737,Jens Lütkenherm
http://www.wikidata.org/entity/Q58207668,"Embassy of Germany, Cairo",http://www.wikidata.org/entity/Q79,Egypt,http://www.wikidata.org/entity/Q183,Germany,http://www.wikidata.org/entity/Q104037494,Jürgen Schulz
http://www.wikidata.org/entity/Q5369548,"Embassy of Armenia, Cairo",http://www.wikidata.org/entity/Q79,Egypt,http://www.wikidata.org/entity/Q399,Armenia,http://www.wikidata.org/entity/Q20511214,Q20511214
http://www.wikidata.org/entity/Q58588651,"Embassy of Germany, San Salvador",http://www.wikidata.org/entity/Q792,El Salvador,http://www.wikidata.org/entity/Q183,Germany,http://www.wikidata.org/entity/Q1436126,Peter Woeste
http://www.wikidata.org/entity/Q42313748,Embassy of Germany in Tallinn,http://www.wikidata.org/entity/Q191,Estonia,http://www.wikidata.org/entity/Q183,Germany,http://www.wikidata.org/entity/Q566617,Annette Klein
http://www.wikidata.org/entity/Q67005648,"Hungarian embassy, Tallinn",http://www.wikidata.org/entity/Q191,Estonia,http://www.wikidata.org/entity/Q28,Hungary,http://www.wikidata.org/entity/Q65569373,Kristóf Forrai
http://www.wikidata.org/entity/Q58278700,"Embassy of Germany, Addis Ababa",http://www.wikidata.org/entity/Q115,Ethiopia,http://www.wikidata.org/entity/Q183,Germany,http://www.wikidata.org/entity/Q130613882,Jens Hanefeld
http://www.wikidata.org/entity/Q23892184,"Embassy of Australia, Addis Ababa",http://www.wikidata.org/entity/Q115,Ethiopia,http://www.wikidata.org/entity/Q408,Australia,http://www.wikidata.org/entity/Q23762721,Mark Sawers
http://www.wikidata.org/entity/Q109352283,"Embassy of the People's Republic of China, Suva",http://www.wikidata.org/entity/Q712,Fiji,http://www.wikidata.org/entity/Q1155502,Ministry of Foreign Affairs of the People's Republic of China,http://www.wikidata.org/entity/Q67935026,Q67935026
http://www.wikidata.org/entity/Q121437207,"Embassy of Germany, Suva",http://www.wikidata.org/entity/Q712,Fiji,http://www.wikidata.org/entity/Q183,Germany,http://www.wikidata.org/entity/Q88565003,Andreas Prothmann
http://www.wikidata.org/entity/Q25451942,"Embassy of Germany, Helsinki",http://www.wikidata.org/entity/Q33,Finland,http://www.wikidata.org/entity/Q183,Germany,http://www.wikidata.org/entity/Q76733926,Stephan Auer
http://www.wikidata.org/entity/Q63618088,"Hungarian embassy, Helsinki",http://www.wikidata.org/entity/Q33,Finland,http://www.wikidata.org/entity/Q28,Hungary,http://www.wikidata.org/entity/Q106731182,Klára Breuer
http://www.wikidata.org/entity/Q15953187,"Embassy of Germany, Paris",http://www.wikidata.org/entity/Q142,France,http://www.wikidata.org/entity/Q183,Germany,http://www.wikidata.org/entity/Q23900240,Stephan Steinlein
http://www.wikidata.org/entity/Q16010348,"Embassy of Hungary, Paris",http://www.wikidata.org/entity/Q142,France,http://www.wikidata.org/entity/Q28,Hungary,http://www.wikidata.org/entity/Q112096,Georg of Austria
http://www.wikidata.org/entity/Q16303658,Embassy of Guinea in Paris,http://www.wikidata.org/entity/Q142,France,http://www.wikidata.org/entity/Q1006,Guinea,http://www.wikidata.org/entity/Q107049865,Amara Camara
http://www.wikidata.org/entity/Q16303668,Embassy of Central African Republic in Paris,http://www.wikidata.org/entity/Q142,France,http://www.wikidata.org/entity/Q929,Central African Republic,http://www.wikidata.org/entity/Q1930736,Michel Gbezera-Bria
http://www.wikidata.org/entity/Q137798,"Embassy of Canada, Paris",http://www.wikidata.org/entity/Q142,France,http://www.wikidata.org/entity/Q16,Canada,http://www.wikidata.org/entity/Q366456,Stéphane Dion
http://www.wikidata.org/entity/Q18164757,"Embassy of Ireland, Paris",http://www.wikidata.org/entity/Q142,France,http://www.wikidata.org/entity/Q27,Ireland,http://www.wikidata.org/entity/Q7145775,Patricia O'Brien
http://www.wikidata.org/entity/Q18794353,"Embassy of the United Kingdom, Paris",http://www.wikidata.org/entity/Q142,France,http://www.wikidata.org/entity/Q145,United Kingdom,http://www.wikidata.org/entity/Q5344177,Edward Llewellyn
http://www.wikidata.org/entity/Q58608207,"Embassy of Germany, Libreville",http://www.wikidata.org/entity/Q1000,Gabon,http://www.wikidata.org/entity/Q183,Germany,http://www.wikidata.org/entity/Q18786421,Horst Gruner
http://www.wikidata.org/entity/Q58612807,"Embassy of Germany, Tbilisi",http://www.wikidata.org/entity/Q230,Georgia,http://www.wikidata.org/entity/Q183,Germany,http://www.wikidata.org/entity/Q84359411,Ernst Peter Fischer
http://www.wikidata.org/entity/Q12805354,"Embassy of Slovenia, Berlin",http://www.wikidata.org/entity/Q183,Germany,http://www.wikidata.org/entity/Q215,Slovenia,http://www.wikidata.org/entity/Q12789047,Franc But
http://www.wikidata.org/entity/Q1723504,Canada House,http://www.wikidata.org/entity/Q183,Germany,http://www.wikidata.org/entity/Q16,Canada,http://www.wikidata.org/entity/Q366456,Stéphane Dion
http://www.wikidata.org/entity/Q1989648,"Embassy of Nigeria, Berlin",http://www.wikidata.org/entity/Q183,Germany,http://www.wikidata.org/entity/Q1033,Nigeria,http://www.wikidata.org/entity/Q308481,Abdu Usman Abubakar
http://www.wikidata.org/entity/Q2493389,"Embassy of Hungary, Berlin",http://www.wikidata.org/entity/Q183,Germany,http://www.wikidata.org/entity/Q28,Hungary,http://www.wikidata.org/entity/Q23561769,Péter Györkös
http://www.wikidata.org/entity/Q475584,"Embassy of the United Kingdom, Berlin",http://www.wikidata.org/entity/Q183,Germany,http://www.wikidata.org/entity/Q145,United Kingdom,http://www.wikidata.org/entity/Q4128233,Sebastian Wood
http://www.wikidata.org/entity/Q554046,Embassy of France in Berlin,http://www.wikidata.org/entity/Q183,Germany,http://www.wikidata.org/entity/Q142,France,http://www.wikidata.org/entity/Q28819229,Anne-Marie Descôtes
http://www.wikidata.org/entity/Q826763,"Embassy of Turkey, Berlin",http://www.wikidata.org/entity/Q183,Germany,http://www.wikidata.org/entity/Q43,Turkey,http://www.wikidata.org/entity/Q131356652,Ahmet Başar Şen
http://www.wikidata.org/entity/Q875787,"Embassy of the United States, Berlin",http://www.wikidata.org/entity/Q183,Germany,http://www.wikidata.org/entity/Q30,United States,http://www.wikidata.org/entity/Q7326068,Richard Grenell
http://www.wikidata.org/entity/Q1073835,"Embassy of the People's Republic of China, Berlin",http://www.wikidata.org/entity/Q183,Germany,http://www.wikidata.org/entity/Q1155502,Ministry of Foreign Affairs of the People's Republic of China,http://www.wikidata.org/entity/Q2278558,Shi Mingde
http://www.wikidata.org/entity/Q1428725,"Embassy of Sweden, Berlin",http://www.wikidata.org/entity/Q183,Germany,http://www.wikidata.org/entity/Q34,Sweden,http://www.wikidata.org/entity/Q16616072,Veronika Wand-Danielsson
http://www.wikidata.org/entity/Q20184415,"Embassy of Croatia, Berlin",http://www.wikidata.org/entity/Q183,Germany,http://www.wikidata.org/entity/Q224,Croatia,http://www.wikidata.org/entity/Q46511044,Gordan Grlić-Radman
http://www.wikidata.org/entity/Q21041983,"Embassy of Ireland, Berlin",http://www.wikidata.org/entity/Q183,Germany,http://www.wikidata.org/entity/Q27,Ireland,http://www.wikidata.org/entity/Q1927172,Michael Collins
http://www.wikidata.org/entity/Q23786623,"Embassy of Thailand, Berlin",http://www.wikidata.org/entity/Q183,Germany,http://www.wikidata.org/entity/Q869,Thailand,http://www.wikidata.org/entity/Q43259312,Dhiravat Bhumichitr
http://www.wikidata.org/entity/Q23786646,"Embassy of Kazakhstan, Berlin",http://www.wikidata.org/entity/Q183,Germany,http://www.wikidata.org/entity/Q232,Kazakhstan,http://www.wikidata.org/entity/Q19835594,Bolat Nussupow
http://www.wikidata.org/entity/Q73161744,embassy of Iraq in Germany,http://www.wikidata.org/entity/Q183,Germany,http://www.wikidata.org/entity/Q796,Iraq,http://www.wikidata.org/entity/Q101244418,Dhia Hadi Mahmoud Al-Dabbas
http://www.wikidata.org/entity/Q58613729,"Embassy of Germany, Accra",http://www.wikidata.org/entity/Q117,Ghana,http://www.wikidata.org/entity/Q183,Germany,http://www.wikidata.org/entity/Q109626628,Daniel Krull
http://www.wikidata.org/entity/Q5369738,"Embassy of Israel, Athens",http://www.wikidata.org/entity/Q41,Greece,http://www.wikidata.org/entity/Q801,Israel,http://www.wikidata.org/entity/Q4802685,Aryeh Mekel
http://www.wikidata.org/entity/Q6895817,"Embassy of Moldova, Athens",http://www.wikidata.org/entity/Q41,Greece,http://www.wikidata.org/entity/Q217,Moldova,http://www.wikidata.org/entity/Q6845043,Mihai Balan
http://www.wikidata.org/entity/Q14906554,"Embassy of Germany, Athens",http://www.wikidata.org/entity/Q41,Greece,http://www.wikidata.org/entity/Q183,Germany,http://www.wikidata.org/entity/Q23061642,Andreas Kindl
http://www.wikidata.org/entity/Q60315412,"Embassy of Germany, Guatemala",http://www.wikidata.org/entity/Q774,Guatemala,http://www.wikidata.org/entity/Q183,Germany,http://www.wikidata.org/entity/Q127726474,Hardy Boeckle
http://www.wikidata.org/entity/Q58634729,"Embassy of Germany, Conakry",http://www.wikidata.org/entity/Q1006,Guinea,http://www.wikidata.org/entity/Q183,Germany,http://www.wikidata.org/entity/Q130619476,Irene Biontino
http://www.wikidata.org/entity/Q110694865,embassy of Morocco in Guinea,http://www.wikidata.org/entity/Q1006,Guinea,http://www.wikidata.org/entity/Q1028,Morocco,http://www.wikidata.org/entity/Q110694955,Issam Taib
http://www.wikidata.org/entity/Q58643251,"Embassy of Germany, Tegucigalpa",http://www.wikidata.org/entity/Q783,Honduras,http://www.wikidata.org/entity/Q183,Germany,http://www.wikidata.org/entity/Q123177151,Daniela Vogl
http://www.wikidata.org/entity/Q5369694,"Embassy of Germany, Budapest",http://www.wikidata.org/entity/Q28,Hungary,http://www.wikidata.org/entity/Q183,Germany,http://www.wikidata.org/entity/Q116047605,Julia Gross
http://www.wikidata.org/entity/Q5369855,"Embassy of Serbia, Budapest",http://www.wikidata.org/entity/Q28,Hungary,http://www.wikidata.org/entity/Q403,Serbia,http://www.wikidata.org/entity/Q54232947,Ivan Todorov
http://www.wikidata.org/entity/Q10686001,"Embassy of Sweden, Budapest",http://www.wikidata.org/entity/Q28,Hungary,http://www.wikidata.org/entity/Q34,Sweden,http://www.wikidata.org/entity/Q969611,Dag Hartelius
http://www.wikidata.org/entity/Q15629239,"Embassy of Slovenia, Budapest",http://www.wikidata.org/entity/Q28,Hungary,http://www.wikidata.org/entity/Q215,Slovenia,http://www.wikidata.org/entity/Q12795833,Marjan Cencen
http://www.wikidata.org/entity/Q2464733,"Embassy of Turkey, Budapest",http://www.wikidata.org/entity/Q28,Hungary,http://www.wikidata.org/entity/Q43,Turkey,http://www.wikidata.org/entity/Q113582517,Gülşen Karanis Ekşioğlu
http://www.wikidata.org/entity/Q2841748,"Embassy of France, Budapest",http://www.wikidata.org/entity/Q28,Hungary,http://www.wikidata.org/entity/Q142,France,http://www.wikidata.org/entity/Q33168069,Pascale Andréani
http://www.wikidata.org/entity/Q851139,"Embassy of the United Kingdom, Budapest",http://www.wikidata.org/entity/Q28,Hungary,http://www.wikidata.org/entity/Q145,United Kingdom,http://www.wikidata.org/entity/Q100651699,Paul Leonard Fox
http://www.wikidata.org/entity/Q19383561,"Embassy of Norway, Budapest",http://www.wikidata.org/entity/Q28,Hungary,http://www.wikidata.org/entity/Q20,Norway,http://www.wikidata.org/entity/Q17107462,Trine Skymoen
http://www.wikidata.org/entity/Q20580549,"Embassy of Azerbaijan, Budapest",http://www.wikidata.org/entity/Q28,Hungary,http://www.wikidata.org/entity/Q227,Azerbaijan,http://www.wikidata.org/entity/Q20584735,Tahir Taghizadeh
http://www.wikidata.org/entity/Q29448245,Embassy of the State of Palestine in Hungary,http://www.wikidata.org/entity/Q28,Hungary,http://www.wikidata.org/entity/Q219060,Palestine,http://www.wikidata.org/entity/Q6752623,Manuel Hassassian
http://www.wikidata.org/entity/Q38085942,"Embassy of the Netherlands, Budapest",http://www.wikidata.org/entity/Q28,Hungary,http://www.wikidata.org/entity/Q29999,Kingdom of the Netherlands,http://www.wikidata.org/entity/Q429445,Désirée Bonis
http://www.wikidata.org/entity/Q42313823,"Embassy of Estonia, Budapest",http://www.wikidata.org/entity/Q28,Hungary,http://www.wikidata.org/entity/Q191,Estonia,http://www.wikidata.org/entity/Q61111275,Kristi Karelsohn
http://www.wikidata.org/entity/Q63869482,"Embassy of Spain, Budapest",http://www.wikidata.org/entity/Q28,Hungary,http://www.wikidata.org/entity/Q29,Spain,http://www.wikidata.org/entity/Q5700629,Anunciada Fernández de Córdova
http://www.wikidata.org/entity/Q65502845,"Embassy of Croatia, Budapest",http://www.wikidata.org/entity/Q28,Hungary,http://www.wikidata.org/entity/Q224,Croatia,http://www.wikidata.org/entity/Q66773760,Mladen Andrlic
http://www.wikidata.org/entity/Q66294915,"Embassy of Austria, Budapest",http://www.wikidata.org/entity/Q28,Hungary,http://www.wikidata.org/entity/Q40,Austria,http://www.wikidata.org/entity/Q124285795,Alexander Grubmayr
http://www.wikidata.org/entity/Q66341093,"Embassy of the Czech Republic, Budapest",http://www.wikidata.org/entity/Q28,Hungary,http://www.wikidata.org/entity/Q213,Czech Republic,http://www.wikidata.org/entity/Q69378079,Tibor Bial
http://www.wikidata.org/entity/Q66420649,"Embassy of Cuba, Budapest",http://www.wikidata.org/entity/Q28,Hungary,http://www.wikidata.org/entity/Q241,Cuba,http://www.wikidata.org/entity/Q111575999,Guillermo Vázquez Moreno
http://www.wikidata.org/entity/Q66828903,"Embassy of Slovakia, Hungary",http://www.wikidata.org/entity/Q28,Hungary,http://www.wikidata.org/entity/Q214,Slovakia,http://www.wikidata.org/entity/Q3497276,Pavol Hamžík
http://www.wikidata.org/entity/Q68604418,"Embassy of Israel, Budapest",http://www.wikidata.org/entity/Q28,Hungary,http://www.wikidata.org/entity/Q801,Israel,http://www.wikidata.org/entity/Q1290588,Yakov Hadas-Handelsman
http://www.wikidata.org/entity/Q72541063,"Embassy of Russia, Budapest",http://www.wikidata.org/entity/Q28,Hungary,http://www.wikidata.org/entity/Q159,Russia,http://www.wikidata.org/entity/Q107262941,Evgeny Arnoldovich Stanislavov
http://www.wikidata.org/entity/Q75946924,Soviet Embassy in Budapest,http://www.wikidata.org/entity/Q28,Hungary,http://www.wikidata.org/entity/Q15180,Soviet Union,http://www.wikidata.org/entity/Q4054818,Ivan Aboimov
http://www.wikidata.org/entity/Q89189164,"Embassy of Romania, Budapest",http://www.wikidata.org/entity/Q28,Hungary,http://www.wikidata.org/entity/Q218,Romania,http://www.wikidata.org/entity/Q105080724,Gabriel Cătălin Șopandă
http://www.wikidata.org/entity/Q96245404,"Embassy of Denmark, Budapest",http://www.wikidata.org/entity/Q28,Hungary,http://www.wikidata.org/entity/Q756617,Kingdom of Denmark,http://www.wikidata.org/entity/Q101552465,Erik Vilstrup Lorenzen
http://www.wikidata.org/entity/Q100325415,"Embassy of Belarus, Budapest",http://www.wikidata.org/entity/Q28,Hungary,http://www.wikidata.org/entity/Q184,Belarus,http://www.wikidata.org/entity/Q24450482,Aliaksandr Panamaroŭ
http://www.wikidata.org/entity/Q101069514,"embassy of Japan, Budapest",http://www.wikidata.org/entity/Q28,Hungary,http://www.wikidata.org/entity/Q17,Japan,http://www.wikidata.org/entity/Q98734418,Masato Ohtaka
http://www.wikidata.org/entity/Q101245674,embassy of Switzerland in Hungary,http://www.wikidata.org/entity/Q28,Hungary,http://www.wikidata.org/entity/Q39,Switzerland,http://www.wikidata.org/entity/Q47980874,Jean-François Paroz
http://www.wikidata.org/entity/Q102005281,"Embassy of Colombia, Budapest",http://www.wikidata.org/entity/Q28,Hungary,http://www.wikidata.org/entity/Q739,Colombia,http://www.wikidata.org/entity/Q102007277,Carmenza Jaramillo
http://www.wikidata.org/entity/Q106468788,"Embassy of Iraq, Budapest",http://www.wikidata.org/entity/Q28,Hungary,http://www.wikidata.org/entity/Q796,Iraq,http://www.wikidata.org/entity/Q100111008,Ali Hadi Hameed Al-Bayati
http://www.wikidata.org/entity/Q106962952,embassy of North Macedonia in Hungary,http://www.wikidata.org/entity/Q28,Hungary,http://www.wikidata.org/entity/Q221,North Macedonia,http://www.wikidata.org/entity/Q108714136,Goran Stevcevski
http://www.wikidata.org/entity/Q107300538,embassy of Lithuania in Hungary,http://www.wikidata.org/entity/Q28,Hungary,http://www.wikidata.org/entity/Q37,Lithuania,http://www.wikidata.org/entity/Q12678457,Vytautas Pinkus
http://www.wikidata.org/entity/Q107400974,embassy of Argentina in Hungary,http://www.wikidata.org/entity/Q28,Hungary,http://www.wikidata.org/entity/Q414,Argentina,http://www.wikidata.org/entity/Q108468366,Hernan Patino Mayer
http://www.wikidata.org/entity/Q107407013,"Embassy of Mexico in Budapest, Hungary",http://www.wikidata.org/entity/Q28,Hungary,http://www.wikidata.org/entity/Q96,Mexico,http://www.wikidata.org/entity/Q58437073,Rosario A. Molinero
http://www.wikidata.org/entity/Q107732466,"Embassy of South Korea, Budapest",http://www.wikidata.org/entity/Q28,Hungary,http://www.wikidata.org/entity/Q884,South Korea,http://www.wikidata.org/entity/Q113657241,Park Chul-min
http://www.wikidata.org/entity/Q108710194,"Embassy of Albania, Budapest",http://www.wikidata.org/entity/Q28,Hungary,http://www.wikidata.org/entity/Q222,Albania,http://www.wikidata.org/entity/Q108709737,Arian Spasse
http://www.wikidata.org/entity/Q108716062,Embassy of Bulgaria to Hungary,http://www.wikidata.org/entity/Q28,Hungary,http://www.wikidata.org/entity/Q219,Bulgaria,http://www.wikidata.org/entity/Q108716566,Ulyana Bogdanska
http://www.wikidata.org/entity/Q108719252,"Embassy of Qatar, Budapest",http://www.wikidata.org/entity/Q28,Hungary,http://www.wikidata.org/entity/Q846,Qatar,http://www.wikidata.org/entity/Q108718834,Mohamad Bin Hamad Mubarak Al-Khalifa
http://www.wikidata.org/entity/Q108858956,embassy of Mongolia in Hungary,http://www.wikidata.org/entity/Q28,Hungary,http://www.wikidata.org/entity/Q711,Mongolia,http://www.wikidata.org/entity/Q110763975,Baatarjav Sainnyambuu
http://www.wikidata.org/entity/Q109127602,"Embassy of the People's Republic of China, Budapest",http://www.wikidata.org/entity/Q28,Hungary,http://www.wikidata.org/entity/Q148,People's Republic of China,http://www.wikidata.org/entity/Q104611481,Qi Dayu
http://www.wikidata.org/entity/Q58652656,"Embassy of Germany, Reykjavík",http://www.wikidata.org/entity/Q189,Iceland,http://www.wikidata.org/entity/Q183,Germany,http://www.wikidata.org/entity/Q123614038,Clarissa Duvigneau
http://www.wikidata.org/entity/Q58206068,"Embassy of Germany, New Delhi",http://www.wikidata.org/entity/Q668,India,http://www.wikidata.org/entity/Q183,Germany,http://www.wikidata.org/entity/Q111487911,Philipp Ackermann
http://www.wikidata.org/entity/Q1854458,"Embassy of Afghanistan, New Delhi",http://www.wikidata.org/entity/Q668,India,http://www.wikidata.org/entity/Q889,Afghanistan,http://www.wikidata.org/entity/Q23761398,Shaida Mohammad Abdali
http://www.wikidata.org/entity/Q5369957,"Embassy of the United States, Jakarta",http://www.wikidata.org/entity/Q252,Indonesia,http://www.wikidata.org/entity/Q30,United States,http://www.wikidata.org/entity/Q1526335,Sung Kim
http://www.wikidata.org/entity/Q25052258,"Embassy of the United Kingdom, Jakarta",http://www.wikidata.org/entity/Q252,Indonesia,http://www.wikidata.org/entity/Q145,United Kingdom,http://www.wikidata.org/entity/Q51685935,Moazzam Malik
http://www.wikidata.org/entity/Q31886708,"Embassy of Germany, Jakarta",http://www.wikidata.org/entity/Q252,Indonesia,http://www.wikidata.org/entity/Q183,Germany,http://www.wikidata.org/entity/Q21685313,Ina Lepel
http://www.wikidata.org/entity/Q63750070,"Embassy of Hungary, Jakarta",http://www.wikidata.org/entity/Q252,Indonesia,http://www.wikidata.org/entity/Q28,Hungary,http://www.wikidata.org/entity/Q73423023,Q73423023
http://www.wikidata.org/entity/Q20110427,"Embassy of Germany, Tehran",http://www.wikidata.org/entity/Q794,Iran,http://www.wikidata.org/entity/Q183,Germany,http://www.wikidata.org/entity/Q22833358,Markus Potzel
http://www.wikidata.org/entity/Q58644340,"Embassy of Germany, Baghdad",http://www.wikidata.org/entity/Q796,Iraq,http://www.wikidata.org/entity/Q183,Germany,http://www.wikidata.org/entity/Q30242338,Christiane Hohmann
http://www.wikidata.org/entity/Q58647392,"Embassy of Germany, Dublin",http://www.wikidata.org/entity/Q27,Ireland,http://www.wikidata.org/entity/Q183,Germany,http://www.wikidata.org/entity/Q97796,David Gill
http://www.wikidata.org/entity/Q104771288,embassy of Hungary in Ireland,http://www.wikidata.org/entity/Q27,Ireland,http://www.wikidata.org/entity/Q28,Hungary,http://www.wikidata.org/entity/Q81564250,István Manno
http://www.wikidata.org/entity/Q5369700,"Embassy of Germany, Tel Aviv",http://www.wikidata.org/entity/Q801,Israel,http://www.wikidata.org/entity/Q183,Germany,http://www.wikidata.org/entity/Q111189,Steffen Seibert
http://www.wikidata.org/entity/Q6561183,"Embassy of the United Kingdom, Tel Aviv",http://www.wikidata.org/entity/Q801,Israel,http://www.wikidata.org/entity/Q145,United Kingdom,http://www.wikidata.org/entity/Q20726322,David Quarrey
http://www.wikidata.org/entity/Q63789707,"Hungarian embassy, Tel-Aviv",http://www.wikidata.org/entity/Q801,Israel,http://www.wikidata.org/entity/Q28,Hungary,http://www.wikidata.org/entity/Q63789988,Levente Benkő
http://www.wikidata.org/entity/Q73108428,"Embassy of India, Tel Aviv",http://www.wikidata.org/entity/Q801,Israel,http://www.wikidata.org/entity/Q668,India,http://www.wikidata.org/entity/Q23780977,list of ambassadors of India to Israël
http://www.wikidata.org/entity/Q73108428,"Embassy of India, Tel Aviv",http://www.wikidata.org/entity/Q801,Israel,http://www.wikidata.org/entity/Q668,India,http://www.wikidata.org/entity/Q124504672,Sanjeev Singla
http://www.wikidata.org/entity/Q106917890,"Embassy of the United Arab Emirates, Tel Aviv",http://www.wikidata.org/entity/Q801,Israel,http://www.wikidata.org/entity/Q878,United Arab Emirates,http://www.wikidata.org/entity/Q105748288,Mohamed Al Khaja
http://www.wikidata.org/entity/Q56326190,Embassy of Croatia to the Holy See,http://www.wikidata.org/entity/Q38,Italy,http://www.wikidata.org/entity/Q224,Croatia,http://www.wikidata.org/entity/Q123247821,Ive Livljanić
http://www.wikidata.org/entity/Q56326283,"Hungarian embassy, Holy See",http://www.wikidata.org/entity/Q38,Italy,http://www.wikidata.org/entity/Q28,Hungary,http://www.wikidata.org/entity/Q1288562,Archduke Eduard of Austria
http://www.wikidata.org/entity/Q56326446,embassy of Georgia to the Holy See,http://www.wikidata.org/entity/Q38,Italy,http://www.wikidata.org/entity/Q230,Georgia,http://www.wikidata.org/entity/Q4074835,Ketevan Bagration of Mukhrani
http://www.wikidata.org/entity/Q5369967,"Embassy of the United States, Rome",http://www.wikidata.org/entity/Q38,Italy,http://www.wikidata.org/entity/Q30,United States,http://www.wikidata.org/entity/Q5240404,David Thorne
http://www.wikidata.org/entity/Q5369967,"Embassy of the United States, Rome",http://www.wikidata.org/entity/Q38,Italy,http://www.wikidata.org/entity/Q30,United States,http://www.wikidata.org/entity/Q6536817,Lewis Michael Eisenberg
http://www.wikidata.org/entity/Q5369967,"Embassy of the United States, Rome",http://www.wikidata.org/entity/Q38,Italy,http://www.wikidata.org/entity/Q30,United States,http://www.wikidata.org/entity/Q16106046,John R. Phillips
http://www.wikidata.org/entity/Q2841759,"embassy of France, Rome",http://www.wikidata.org/entity/Q38,Italy,http://www.wikidata.org/entity/Q142,France,http://www.wikidata.org/entity/Q19810480,Christian Masset
http://www.wikidata.org/entity/Q1860153,Embassy of Germany to the Holy See,http://www.wikidata.org/entity/Q38,Italy,http://www.wikidata.org/entity/Q183,Germany,http://www.wikidata.org/entity/Q66531802,Bernhard Kotsch
http://www.wikidata.org/entity/Q18712931,"Embassy of the United Kingdom, Rome",http://www.wikidata.org/entity/Q38,Italy,http://www.wikidata.org/entity/Q145,United Kingdom,http://www.wikidata.org/entity/Q27919443,Jill Morris
http://www.wikidata.org/entity/Q22226879,"Embassy of Germany, Rome",http://www.wikidata.org/entity/Q38,Italy,http://www.wikidata.org/entity/Q183,Germany,http://www.wikidata.org/entity/Q23061609,Viktor Elbling
http://www.wikidata.org/entity/Q22226879,"Embassy of Germany, Rome",http://www.wikidata.org/entity/Q38,Italy,http://www.wikidata.org/entity/Q183,Germany,http://www.wikidata.org/entity/Q30019448,Hans-Dieter Lucas
http://www.wikidata.org/entity/Q27990846,Embassy of the Slovak Republic in Rome,http://www.wikidata.org/entity/Q38,Italy,http://www.wikidata.org/entity/Q214,Slovakia,http://www.wikidata.org/entity/Q111170833,Karla Wursterová
http://www.wikidata.org/entity/Q28065003,"Embassy of the Republic of China (Taiwan), Holy See",http://www.wikidata.org/entity/Q38,Italy,http://www.wikidata.org/entity/Q865,Taiwan,http://www.wikidata.org/entity/Q9059448,Larry Wang
http://www.wikidata.org/entity/Q65166817,embassy of Lithuania to the Holy See,http://www.wikidata.org/entity/Q38,Italy,http://www.wikidata.org/entity/Q37,Lithuania,http://www.wikidata.org/entity/Q11815978,Petras Zapolskas
http://www.wikidata.org/entity/Q103844418,embassy of Lithuania in Italy,http://www.wikidata.org/entity/Q38,Italy,http://www.wikidata.org/entity/Q37,Lithuania,http://www.wikidata.org/entity/Q11815978,Petras Zapolskas
http://www.wikidata.org/entity/Q103844418,embassy of Lithuania in Italy,http://www.wikidata.org/entity/Q38,Italy,http://www.wikidata.org/entity/Q37,Lithuania,http://www.wikidata.org/entity/Q12657553,Jolanta Balčiūnienė
http://www.wikidata.org/entity/Q103844418,embassy of Lithuania in Italy,http://www.wikidata.org/entity/Q38,Italy,http://www.wikidata.org/entity/Q37,Lithuania,http://www.wikidata.org/entity/Q123261843,Dalia Kreivienė
http://www.wikidata.org/entity/Q58603930,"Embassy of Germany, Abidjan",http://www.wikidata.org/entity/Q1008,Ivory Coast,http://www.wikidata.org/entity/Q183,Germany,http://www.wikidata.org/entity/Q23061438,Matthias Veltin
http://www.wikidata.org/entity/Q58654954,"Embassy of Germany, Kingston",http://www.wikidata.org/entity/Q766,Jamaica,http://www.wikidata.org/entity/Q183,Germany,http://www.wikidata.org/entity/Q108121667,Jan Hendrik van Thiel
http://www.wikidata.org/entity/Q16061535,"Embassy of Germany, Tokyo",http://www.wikidata.org/entity/Q17,Japan,http://www.wikidata.org/entity/Q183,Germany,http://www.wikidata.org/entity/Q105103056,Petra Sigmund
http://www.wikidata.org/entity/Q58699755,"Embassy of Germany, Amman",http://www.wikidata.org/entity/Q810,Jordan,http://www.wikidata.org/entity/Q183,Germany,http://www.wikidata.org/entity/Q122848793,Bertram von Moltke
http://www.wikidata.org/entity/Q58751291,"Embassy of Germany, Astana",http://www.wikidata.org/entity/Q232,Kazakhstan,http://www.wikidata.org/entity/Q183,Germany,http://www.wikidata.org/entity/Q75584499,Monika Iwersen
http://www.wikidata.org/entity/Q2841645,"Embassy of France, Astana",http://www.wikidata.org/entity/Q232,Kazakhstan,http://www.wikidata.org/entity/Q142,France,http://www.wikidata.org/entity/Q50385830,Didier Canesse
http://www.wikidata.org/entity/Q58868647,"Embassy of Germany, Nairobi",http://www.wikidata.org/entity/Q114,Kenya,http://www.wikidata.org/entity/Q183,Germany,http://www.wikidata.org/entity/Q113866786,Sebastian Groth
http://www.wikidata.org/entity/Q58494168,"Embassy of Germany, Copenhagen",http://www.wikidata.org/entity/Q756617,Kingdom of Denmark,http://www.wikidata.org/entity/Q183,Germany,http://www.wikidata.org/entity/Q110518955,Pascal Hector
http://www.wikidata.org/entity/Q5369841,"Embassy of Russia, Copenhagen",http://www.wikidata.org/entity/Q756617,Kingdom of Denmark,http://www.wikidata.org/entity/Q159,Russia,http://www.wikidata.org/entity/Q4389751,Teimuraz Ramishvili
http://www.wikidata.org/entity/Q15216584,"Embassy of the United States, Copenhagen",http://www.wikidata.org/entity/Q756617,Kingdom of Denmark,http://www.wikidata.org/entity/Q30,United States,http://www.wikidata.org/entity/Q39038326,Carla Sands
http://www.wikidata.org/entity/Q58874705,"Embassy of Germany, Pristina",http://www.wikidata.org/entity/Q1246,Kosovo,http://www.wikidata.org/entity/Q183,Germany,http://www.wikidata.org/entity/Q59137419,Jörn Rohde
http://www.wikidata.org/entity/Q58894562,"Embassy of Germany, Kuwait",http://www.wikidata.org/entity/Q817,Kuwait,http://www.wikidata.org/entity/Q183,Germany,http://www.wikidata.org/entity/Q15819259,Hans-Christian von Reibnitz
http://www.wikidata.org/entity/Q58869045,"Embassy of Germany, Bishkek",http://www.wikidata.org/entity/Q813,Kyrgyzstan,http://www.wikidata.org/entity/Q183,Germany,http://www.wikidata.org/entity/Q1489971,Gabriela Linda Guellil
http://www.wikidata.org/entity/Q108801993,Embassy of Hungary to Kyrgyzstan,http://www.wikidata.org/entity/Q813,Kyrgyzstan,http://www.wikidata.org/entity/Q28,Hungary,http://www.wikidata.org/entity/Q909174,Sándor Dorogi
http://www.wikidata.org/entity/Q58894963,"Embassy of Germany, Vientiane",http://www.wikidata.org/entity/Q819,Laos,http://www.wikidata.org/entity/Q183,Germany,http://www.wikidata.org/entity/Q109626325,Annette Knobloch
http://www.wikidata.org/entity/Q1202233,"Embassy of Germany, Riga",http://www.wikidata.org/entity/Q211,Latvia,http://www.wikidata.org/entity/Q183,Germany,http://www.wikidata.org/entity/Q23061610,Rolf Schütte
http://www.wikidata.org/entity/Q1202233,"Embassy of Germany, Riga",http://www.wikidata.org/entity/Q211,Latvia,http://www.wikidata.org/entity/Q183,Germany,http://www.wikidata.org/entity/Q129185253,Gudrun Masloch
http://www.wikidata.org/entity/Q58895700,"Embassy of Germany, Beirut",http://www.wikidata.org/entity/Q822,Lebanon,http://www.wikidata.org/entity/Q183,Germany,http://www.wikidata.org/entity/Q123297369,Kurt Georg Stoeckl-Stillfried
http://www.wikidata.org/entity/Q1202234,"Embassy of Germany, Monrovia",http://www.wikidata.org/entity/Q1014,Liberia,http://www.wikidata.org/entity/Q183,Germany,http://www.wikidata.org/entity/Q88671189,Jakob Haselhuber
http://www.wikidata.org/entity/Q58898825,"Embassy of Germany, Vilnius",http://www.wikidata.org/entity/Q37,Lithuania,http://www.wikidata.org/entity/Q183,Germany,http://www.wikidata.org/entity/Q123182553,Cornelius Zimmermann
http://www.wikidata.org/entity/Q58924865,"Embassy of Germany, Luxembourg",http://www.wikidata.org/entity/Q32,Luxembourg,http://www.wikidata.org/entity/Q183,Germany,http://www.wikidata.org/entity/Q1594564,Heike Renate Peitsch
http://www.wikidata.org/entity/Q30906057,"Embassy of Poland, Luxembourg",http://www.wikidata.org/entity/Q32,Luxembourg,http://www.wikidata.org/entity/Q36,Poland,http://www.wikidata.org/entity/Q9165470,Barbara Labuda
http://www.wikidata.org/entity/Q30906057,"Embassy of Poland, Luxembourg",http://www.wikidata.org/entity/Q32,Luxembourg,http://www.wikidata.org/entity/Q36,Poland,http://www.wikidata.org/entity/Q56192014,Piotr Wojtczak
http://www.wikidata.org/entity/Q58925129,"Embassy of Germany, Antananarivo",http://www.wikidata.org/entity/Q1019,Madagascar,http://www.wikidata.org/entity/Q183,Germany,http://www.wikidata.org/entity/Q130739428,Oliver Knoerich
http://www.wikidata.org/entity/Q2841800,"Embassy of France, Antananarivo",http://www.wikidata.org/entity/Q1019,Madagascar,http://www.wikidata.org/entity/Q142,France,http://www.wikidata.org/entity/Q1890259,Maurice Delauney
http://www.wikidata.org/entity/Q2841800,"Embassy of France, Antananarivo",http://www.wikidata.org/entity/Q1019,Madagascar,http://www.wikidata.org/entity/Q142,France,http://www.wikidata.org/entity/Q2830171,Alain Plantey
http://www.wikidata.org/entity/Q2841800,"Embassy of France, Antananarivo",http://www.wikidata.org/entity/Q1019,Madagascar,http://www.wikidata.org/entity/Q142,France,http://www.wikidata.org/entity/Q20899944,André Soucadaux
http://www.wikidata.org/entity/Q2841800,"Embassy of France, Antananarivo",http://www.wikidata.org/entity/Q1019,Madagascar,http://www.wikidata.org/entity/Q142,France,http://www.wikidata.org/entity/Q50887141,Marcel Gey
http://www.wikidata.org/entity/Q58926855,"Embassy of Germany, Lilongwe",http://www.wikidata.org/entity/Q1020,Malawi,http://www.wikidata.org/entity/Q183,Germany,http://www.wikidata.org/entity/Q23059431,Ute König
http://www.wikidata.org/entity/Q58944931,"Embassy of Germany, Kuala Lumpur",http://www.wikidata.org/entity/Q833,Malaysia,http://www.wikidata.org/entity/Q183,Germany,http://www.wikidata.org/entity/Q2073973,Peter Blomeyer
http://www.wikidata.org/entity/Q59100146,"Embassy of Germany, Bamako",http://www.wikidata.org/entity/Q912,Mali,http://www.wikidata.org/entity/Q183,Germany,http://www.wikidata.org/entity/Q22693503,Dietrich Pohl
http://www.wikidata.org/entity/Q60300848,"Embassy of Germany, Valletta",http://www.wikidata.org/entity/Q233,Malta,http://www.wikidata.org/entity/Q183,Germany,http://www.wikidata.org/entity/Q121591446,Tanja Beyer
http://www.wikidata.org/entity/Q60265424,"Embassy of Germany, Nouakchott",http://www.wikidata.org/entity/Q1025,Mauritania,http://www.wikidata.org/entity/Q183,Germany,http://www.wikidata.org/entity/Q130260605,Florian Reindel
http://www.wikidata.org/entity/Q60263931,"Embassy of Germany, Mexico City",http://www.wikidata.org/entity/Q96,Mexico,http://www.wikidata.org/entity/Q183,Germany,http://www.wikidata.org/entity/Q22667824,Clemens von Goetze
http://www.wikidata.org/entity/Q5369696,"Embassy of Germany, Chișinău",http://www.wikidata.org/entity/Q217,Moldova,http://www.wikidata.org/entity/Q183,Germany,http://www.wikidata.org/entity/Q74385982,Margret Uebber
http://www.wikidata.org/entity/Q5369837,"Embassy of Romania, Chișinău",http://www.wikidata.org/entity/Q217,Moldova,http://www.wikidata.org/entity/Q218,Romania,http://www.wikidata.org/entity/Q6765963,Marius Lazurca
http://www.wikidata.org/entity/Q33309283,"Embassy of Germany, Ulaanbaatar",http://www.wikidata.org/entity/Q711,Mongolia,http://www.wikidata.org/entity/Q183,Germany,http://www.wikidata.org/entity/Q15815064,Helmut Kulitz
http://www.wikidata.org/entity/Q109123333,Embassy of Hungary in Ulaanbaatar,http://www.wikidata.org/entity/Q711,Mongolia,http://www.wikidata.org/entity/Q28,Hungary,http://www.wikidata.org/entity/Q20435206,Borbála Obrusánszky
http://www.wikidata.org/entity/Q60257621,"Embassy of Germany, Podgorica",http://www.wikidata.org/entity/Q236,Montenegro,http://www.wikidata.org/entity/Q183,Germany,http://www.wikidata.org/entity/Q1322202,Peter Felten
http://www.wikidata.org/entity/Q60298884,"Embassy of Germany, Rabat",http://www.wikidata.org/entity/Q1028,Morocco,http://www.wikidata.org/entity/Q183,Germany,http://www.wikidata.org/entity/Q111919085,Robert Dölger
http://www.wikidata.org/entity/Q110694909,Q110694909,http://www.wikidata.org/entity/Q1028,Morocco,http://www.wikidata.org/entity/Q1006,Guinea,http://www.wikidata.org/entity/Q110694952,Aboubacar Dione
http://www.wikidata.org/entity/Q20873909,"Embassy of Germany, Maputo",http://www.wikidata.org/entity/Q1029,Mozambique,http://www.wikidata.org/entity/Q183,Germany,http://www.wikidata.org/entity/Q124412133,Ronald Münch
http://www.wikidata.org/entity/Q5369966,"Embassy of the United States of America, Rangoon",http://www.wikidata.org/entity/Q836,Myanmar,http://www.wikidata.org/entity/Q30,United States,http://www.wikidata.org/entity/Q13573579,Scot Marciel
http://www.wikidata.org/entity/Q478156,"Embassy of Germany, Windhoek",http://www.wikidata.org/entity/Q1030,Namibia,http://www.wikidata.org/entity/Q183,Germany,http://www.wikidata.org/entity/Q77435503,Thorsten Hutter
http://www.wikidata.org/entity/Q60243033,"Embassy of Germany, Kathmandu",http://www.wikidata.org/entity/Q837,Nepal,http://www.wikidata.org/entity/Q183,Germany,http://www.wikidata.org/entity/Q23061416,Thomas Prinz
http://www.wikidata.org/entity/Q60231056,"Embassy of Germany, The Hague",http://www.wikidata.org/entity/Q55,Netherlands,http://www.wikidata.org/entity/Q183,Germany,http://www.wikidata.org/entity/Q214517,Nikolaus Meyer-Landrut
http://www.wikidata.org/entity/Q25112625,"Embassy of the United Kingdom, The Hague",http://www.wikidata.org/entity/Q55,Netherlands,http://www.wikidata.org/entity/Q145,United Kingdom,http://www.wikidata.org/entity/Q39073329,Peter Wilson
http://www.wikidata.org/entity/Q116047710,"Embassy of the People's Republic of China, The Hague",http://www.wikidata.org/entity/Q55,Netherlands,http://www.wikidata.org/entity/Q148,People's Republic of China,http://www.wikidata.org/entity/Q67935301,Tan Jian
http://www.wikidata.org/entity/Q5369702,"Embassy of Germany, Wellington",http://www.wikidata.org/entity/Q664,New Zealand,http://www.wikidata.org/entity/Q183,Germany,http://www.wikidata.org/entity/Q114893658,Nicole Menzenbach
http://www.wikidata.org/entity/Q111822707,embassy of Hungary in New Zealand,http://www.wikidata.org/entity/Q664,New Zealand,http://www.wikidata.org/entity/Q28,Hungary,http://www.wikidata.org/entity/Q108805543,Zsolt Hetesy
http://www.wikidata.org/entity/Q60242456,"Embassy of Germany, Managua",http://www.wikidata.org/entity/Q811,Nicaragua,http://www.wikidata.org/entity/Q183,Germany,http://www.wikidata.org/entity/Q130634431,Karsten Warnecke
http://www.wikidata.org/entity/Q28473843,"Embassy of Germany, Niamey",http://www.wikidata.org/entity/Q1032,Niger,http://www.wikidata.org/entity/Q183,Germany,http://www.wikidata.org/entity/Q104786232,Oliver Schnakenberg
http://www.wikidata.org/entity/Q5369691,"Embassy of Germany, Abuja",http://www.wikidata.org/entity/Q1033,Nigeria,http://www.wikidata.org/entity/Q183,Germany,http://www.wikidata.org/entity/Q566488,Annett Günther
http://www.wikidata.org/entity/Q60260517,"Embassy of Germany, Skopje",http://www.wikidata.org/entity/Q221,North Macedonia,http://www.wikidata.org/entity/Q183,Germany,http://www.wikidata.org/entity/Q124429233,Petra Drexler
http://www.wikidata.org/entity/Q2841762,"Embassy of France, Skopje",http://www.wikidata.org/entity/Q221,North Macedonia,http://www.wikidata.org/entity/Q142,France,http://www.wikidata.org/entity/Q99773870,Cyrille Baumgartner
http://www.wikidata.org/entity/Q1555163,"Embassy of France, Oslo",http://www.wikidata.org/entity/Q20,Norway,http://www.wikidata.org/entity/Q142,France,http://www.wikidata.org/entity/Q3383371,Pierre-Mathieu Duhamel
http://www.wikidata.org/entity/Q19393656,"Embassy of Germany, Oslo",http://www.wikidata.org/entity/Q20,Norway,http://www.wikidata.org/entity/Q183,Germany,http://www.wikidata.org/entity/Q84081975,Detlef Wächter
http://www.wikidata.org/entity/Q19689804,"Embassy of the United Kingdom, Oslo",http://www.wikidata.org/entity/Q20,Norway,http://www.wikidata.org/entity/Q145,United Kingdom,http://www.wikidata.org/entity/Q17050252,Sarah Gillett
http://www.wikidata.org/entity/Q60228194,"Embassy of Germany, Muscat",http://www.wikidata.org/entity/Q842,Oman,http://www.wikidata.org/entity/Q183,Germany,http://www.wikidata.org/entity/Q58808431,Dirk Lölke
http://www.wikidata.org/entity/Q60168849,"Embassy of Germany, Islamabad",http://www.wikidata.org/entity/Q843,Pakistan,http://www.wikidata.org/entity/Q183,Germany,http://www.wikidata.org/entity/Q84318950,Alfred Grannas
http://www.wikidata.org/entity/Q5369956,"Embassy of the United States, Islamabad",http://www.wikidata.org/entity/Q843,Pakistan,http://www.wikidata.org/entity/Q30,United States,http://www.wikidata.org/entity/Q5234629,David Hale
http://www.wikidata.org/entity/Q20635389,"Embassy of Palestine, Islamabad",http://www.wikidata.org/entity/Q843,Pakistan,http://www.wikidata.org/entity/Q219060,Palestine,http://www.wikidata.org/entity/Q99688835,Ahmad Rabaie
http://www.wikidata.org/entity/Q60168520,"Embassy of Germany, Panama",http://www.wikidata.org/entity/Q804,Panama,http://www.wikidata.org/entity/Q183,Germany,http://www.wikidata.org/entity/Q214492,Joachim Schmillen
http://www.wikidata.org/entity/Q60168294,"Embassy of Germany, Asunción",http://www.wikidata.org/entity/Q733,Paraguay,http://www.wikidata.org/entity/Q183,Germany,http://www.wikidata.org/entity/Q1404460,Gordon Kricke
http://www.wikidata.org/entity/Q5369716,"Embassy of Hungary, Beijing",http://www.wikidata.org/entity/Q148,People's Republic of China,http://www.wikidata.org/entity/Q28,Hungary,http://www.wikidata.org/entity/Q66684946,Máté Pesti
http://www.wikidata.org/entity/Q15916341,"Embassy of Germany, Beijing",http://www.wikidata.org/entity/Q148,People's Republic of China,http://www.wikidata.org/entity/Q183,Germany,http://www.wikidata.org/entity/Q2057179,Patricia Flor
http://www.wikidata.org/entity/Q60168158,"Embassy of Germany, Lima",http://www.wikidata.org/entity/Q419,Peru,http://www.wikidata.org/entity/Q183,Germany,http://www.wikidata.org/entity/Q22704798,Sabine Bloch
http://www.wikidata.org/entity/Q60167779,"Embassy of Germany, Manila",http://www.wikidata.org/entity/Q928,Philippines,http://www.wikidata.org/entity/Q183,Germany,http://www.wikidata.org/entity/Q98960114,Andreas Pfaffernoschke
http://www.wikidata.org/entity/Q5369961,Embassy of the United States in Manila,http://www.wikidata.org/entity/Q928,Philippines,http://www.wikidata.org/entity/Q30,United States,http://www.wikidata.org/entity/Q1526335,Sung Kim
http://www.wikidata.org/entity/Q108806637,"Embassy of Hungary, Manila",http://www.wikidata.org/entity/Q928,Philippines,http://www.wikidata.org/entity/Q28,Hungary,http://www.wikidata.org/entity/Q108806692,Titanilla Tóth
http://www.wikidata.org/entity/Q9149461,"Embassy of Austria, Warsaw",http://www.wikidata.org/entity/Q36,Poland,http://www.wikidata.org/entity/Q40,Austria,http://www.wikidata.org/entity/Q2560777,Werner Almhofer
http://www.wikidata.org/entity/Q9149551,"Embassy of Germany, Warsaw",http://www.wikidata.org/entity/Q36,Poland,http://www.wikidata.org/entity/Q183,Germany,http://www.wikidata.org/entity/Q23061609,Viktor Elbling
http://www.wikidata.org/entity/Q9149629,"Embassy of the United Kingdom, Warsaw",http://www.wikidata.org/entity/Q36,Poland,http://www.wikidata.org/entity/Q145,United Kingdom,http://www.wikidata.org/entity/Q106497499,Anna Clunes
http://www.wikidata.org/entity/Q16494353,"Embassy of Hungary, Warsaw",http://www.wikidata.org/entity/Q36,Poland,http://www.wikidata.org/entity/Q28,Hungary,http://www.wikidata.org/entity/Q4198946,István Íjgyártó
http://www.wikidata.org/entity/Q105364823,"Embassy of Germany, Lisbon",http://www.wikidata.org/entity/Q45,Portugal,http://www.wikidata.org/entity/Q183,Germany,http://www.wikidata.org/entity/Q77967307,Julia Monar
http://www.wikidata.org/entity/Q58754429,"Embassy of Germany, Doha",http://www.wikidata.org/entity/Q846,Qatar,http://www.wikidata.org/entity/Q183,Germany,http://www.wikidata.org/entity/Q105456518,Lothar Freischlader
http://www.wikidata.org/entity/Q4374039,"Embassy of Russia, Sukhumi",http://www.wikidata.org/entity/Q31354462,Republic of Abkhazia,http://www.wikidata.org/entity/Q159,Russia,http://www.wikidata.org/entity/Q55104407,Q55104407
http://www.wikidata.org/entity/Q110722148,"Embassy of France, Saigon",http://www.wikidata.org/entity/Q180573,Republic of Vietnam,http://www.wikidata.org/entity/Q142,France,http://www.wikidata.org/entity/Q787249,Jean-Marie Mérillon
http://www.wikidata.org/entity/Q58874225,"Embassy of Germany, Brazzaville",http://www.wikidata.org/entity/Q971,Republic of the Congo,http://www.wikidata.org/entity/Q183,Germany,http://www.wikidata.org/entity/Q109623025,Wolfgang Klapper
http://www.wikidata.org/entity/Q60165016,"Embassy of Germany, Bucharest",http://www.wikidata.org/entity/Q218,Romania,http://www.wikidata.org/entity/Q183,Germany,http://www.wikidata.org/entity/Q109713346,Peer Gebauer
http://www.wikidata.org/entity/Q5369595,"Embassy of Canada, Bucharest",http://www.wikidata.org/entity/Q218,Romania,http://www.wikidata.org/entity/Q16,Canada,http://www.wikidata.org/entity/Q6396427,Kevin Hamilton
http://www.wikidata.org/entity/Q2841775,"Embassy of France, Bucharest",http://www.wikidata.org/entity/Q218,Romania,http://www.wikidata.org/entity/Q142,France,http://www.wikidata.org/entity/Q33108571,Michèle Ramis
http://www.wikidata.org/entity/Q5369591,"Embassy of Cambodia, Moscow",http://www.wikidata.org/entity/Q159,Russia,http://www.wikidata.org/entity/Q424,Cambodia,http://www.wikidata.org/entity/Q56886833,Ker Viseth
http://www.wikidata.org/entity/Q2841820,"Embassy of Madagascar, Moscow",http://www.wikidata.org/entity/Q159,Russia,http://www.wikidata.org/entity/Q1019,Madagascar,http://www.wikidata.org/entity/Q5367062,Eloi Maxime Alphonse
http://www.wikidata.org/entity/Q2561806,"Embassy of Azerbaijan, Moscow",http://www.wikidata.org/entity/Q159,Russia,http://www.wikidata.org/entity/Q227,Azerbaijan,http://www.wikidata.org/entity/Q112651,Polad Bulbuloghlu
http://www.wikidata.org/entity/Q3918724,"Embassy of Belarus, Moscow",http://www.wikidata.org/entity/Q159,Russia,http://www.wikidata.org/entity/Q184,Belarus,http://www.wikidata.org/entity/Q4415085,Uładzimier Siamaška
http://www.wikidata.org/entity/Q4373963,"Embassy of Austria, Moscow",http://www.wikidata.org/entity/Q159,Russia,http://www.wikidata.org/entity/Q40,Austria,http://www.wikidata.org/entity/Q6776824,Martin Vukovich
http://www.wikidata.org/entity/Q4373979,"Embassy of Hungary, Moscow",http://www.wikidata.org/entity/Q159,Russia,http://www.wikidata.org/entity/Q28,Hungary,http://www.wikidata.org/entity/Q73013277,Norbert Konkoly
http://www.wikidata.org/entity/Q4373981,"Embassy of the United Kingdom, Moscow",http://www.wikidata.org/entity/Q159,Russia,http://www.wikidata.org/entity/Q145,United Kingdom,http://www.wikidata.org/entity/Q6501516,Laurie Bristow
http://www.wikidata.org/entity/Q4373988,"Embassy of Guinea, Moscow",http://www.wikidata.org/entity/Q159,Russia,http://www.wikidata.org/entity/Q1006,Guinea,http://www.wikidata.org/entity/Q107022236,Mandjou Kaké
http://www.wikidata.org/entity/Q4373989,"Embassy of Vietnam, Moscow",http://www.wikidata.org/entity/Q159,Russia,http://www.wikidata.org/entity/Q881,Vietnam,http://www.wikidata.org/entity/Q4986343,Bui Dinh Dinh
http://www.wikidata.org/entity/Q4373990,"Embassy of Germany, Moscow",http://www.wikidata.org/entity/Q159,Russia,http://www.wikidata.org/entity/Q183,Germany,http://www.wikidata.org/entity/Q71763,Alexander Graf Lambsdorff
http://www.wikidata.org/entity/Q4374014,"Embassy of Kyrgyzstan, Moscow",http://www.wikidata.org/entity/Q159,Russia,http://www.wikidata.org/entity/Q813,Kyrgyzstan,http://www.wikidata.org/entity/Q4160126,Alikbek Jekshenkulov
http://www.wikidata.org/entity/Q265896,"Embassy of Iraq, Moscow",http://www.wikidata.org/entity/Q159,Russia,http://www.wikidata.org/entity/Q796,Iraq,http://www.wikidata.org/entity/Q39524095,Haidar Hadi
http://www.wikidata.org/entity/Q60165363,"Embassy of Germany, Kigali",http://www.wikidata.org/entity/Q1037,Rwanda,http://www.wikidata.org/entity/Q183,Germany,http://www.wikidata.org/entity/Q125523693,Heike Uta Dettmann
http://www.wikidata.org/entity/Q84423115,Embassy of France in Castries,http://www.wikidata.org/entity/Q760,Saint Lucia,http://www.wikidata.org/entity/Q142,France,http://www.wikidata.org/entity/Q33102703,Jacques-Henry Heuls
http://www.wikidata.org/entity/Q60150742,"Embassy of Germany, Riyadh",http://www.wikidata.org/entity/Q851,Saudi Arabia,http://www.wikidata.org/entity/Q183,Germany,http://www.wikidata.org/entity/Q30242346,Michael Kindsgrab
http://www.wikidata.org/entity/Q58003162,"Embassy of Germany, Dakar",http://www.wikidata.org/entity/Q1041,Senegal,http://www.wikidata.org/entity/Q183,Germany,http://www.wikidata.org/entity/Q109286069,Sönke Siemon
http://www.wikidata.org/entity/Q60149042,"Embassy of Germany, Belgrade",http://www.wikidata.org/entity/Q403,Serbia,http://www.wikidata.org/entity/Q183,Germany,http://www.wikidata.org/entity/Q115972984,Anke Konrad
http://www.wikidata.org/entity/Q63751670,"Embassy of Hungary in Belgrade, Serbia",http://www.wikidata.org/entity/Q403,Serbia,http://www.wikidata.org/entity/Q28,Hungary,http://www.wikidata.org/entity/Q65048334,Attila Pintér
http://www.wikidata.org/entity/Q58639128,"Embassy of Germany, Freetown",http://www.wikidata.org/entity/Q1044,Sierra Leone,http://www.wikidata.org/entity/Q183,Germany,http://www.wikidata.org/entity/Q101110191,Jens Kraus-Massé
http://www.wikidata.org/entity/Q60143853,"Embassy of Germany, Singapore",http://www.wikidata.org/entity/Q334,Singapore,http://www.wikidata.org/entity/Q183,Germany,http://www.wikidata.org/entity/Q129162279,Bettina Fanghänel
http://www.wikidata.org/entity/Q9149575,"Embassy of Poland, Bratislava",http://www.wikidata.org/entity/Q214,Slovakia,http://www.wikidata.org/entity/Q36,Poland,http://www.wikidata.org/entity/Q26710208,Maciej Ruczaj
http://www.wikidata.org/entity/Q9149575,"Embassy of Poland, Bratislava",http://www.wikidata.org/entity/Q214,Slovakia,http://www.wikidata.org/entity/Q36,Poland,http://www.wikidata.org/entity/Q60834295,Krzysztof Strzałka
http://www.wikidata.org/entity/Q2841780,"Embassy of France, Bratislava",http://www.wikidata.org/entity/Q214,Slovakia,http://www.wikidata.org/entity/Q142,France,http://www.wikidata.org/entity/Q49448524,Nicolas Suran
http://www.wikidata.org/entity/Q4178687,"Embassy of Slovenia, Bratislava",http://www.wikidata.org/entity/Q214,Slovakia,http://www.wikidata.org/entity/Q215,Slovenia,http://www.wikidata.org/entity/Q81033535,Gregor Kozovinc
http://www.wikidata.org/entity/Q53205257,"Embassy of Germany, Bratislava",http://www.wikidata.org/entity/Q214,Slovakia,http://www.wikidata.org/entity/Q183,Germany,http://www.wikidata.org/entity/Q88475781,Thomas Kurz
http://www.wikidata.org/entity/Q53205334,Hungarian Embassy in Slovakia,http://www.wikidata.org/entity/Q214,Slovakia,http://www.wikidata.org/entity/Q28,Hungary,http://www.wikidata.org/entity/Q69577629,Tibor Pető
http://www.wikidata.org/entity/Q19902242,"Embassy of the United Kingdom, Bratislava",http://www.wikidata.org/entity/Q214,Slovakia,http://www.wikidata.org/entity/Q145,United Kingdom,http://www.wikidata.org/entity/Q23891986,Andy Garth
http://www.wikidata.org/entity/Q60044496,"Embassy of Germany, Ljubljana",http://www.wikidata.org/entity/Q215,Slovenia,http://www.wikidata.org/entity/Q183,Germany,http://www.wikidata.org/entity/Q129179180,Sylvia Groneick
http://www.wikidata.org/entity/Q2841781,"Embassy of France, Ljubljana",http://www.wikidata.org/entity/Q215,Slovenia,http://www.wikidata.org/entity/Q142,France,http://www.wikidata.org/entity/Q33106384,Marion Paradas
http://www.wikidata.org/entity/Q2841781,"Embassy of France, Ljubljana",http://www.wikidata.org/entity/Q215,Slovenia,http://www.wikidata.org/entity/Q142,France,http://www.wikidata.org/entity/Q33137361,Pierre-François Mourier
http://www.wikidata.org/entity/Q2841781,"Embassy of France, Ljubljana",http://www.wikidata.org/entity/Q215,Slovenia,http://www.wikidata.org/entity/Q142,France,http://www.wikidata.org/entity/Q50917703,Dominique Gazuy
http://www.wikidata.org/entity/Q2841781,"Embassy of France, Ljubljana",http://www.wikidata.org/entity/Q215,Slovenia,http://www.wikidata.org/entity/Q142,France,http://www.wikidata.org/entity/Q56221006,Florence Ferrari
http://www.wikidata.org/entity/Q2841781,"Embassy of France, Ljubljana",http://www.wikidata.org/entity/Q215,Slovenia,http://www.wikidata.org/entity/Q142,France,http://www.wikidata.org/entity/Q119966768,Chantal de Ghaisne de Bourmont
http://www.wikidata.org/entity/Q2841781,"Embassy of France, Ljubljana",http://www.wikidata.org/entity/Q215,Slovenia,http://www.wikidata.org/entity/Q142,France,http://www.wikidata.org/entity/Q119972157,Nicole Michelangeli
http://www.wikidata.org/entity/Q60043850,"Embassy of Germany, Pretoria",http://www.wikidata.org/entity/Q258,South Africa,http://www.wikidata.org/entity/Q183,Germany,http://www.wikidata.org/entity/Q110210614,Andreas Peschke
http://www.wikidata.org/entity/Q60036416,"Embassy of Germany, Seoul",http://www.wikidata.org/entity/Q884,South Korea,http://www.wikidata.org/entity/Q183,Germany,http://www.wikidata.org/entity/Q84357693,Georg Schmidt
http://www.wikidata.org/entity/Q113656207,"Embassy of Hungary, Seoul",http://www.wikidata.org/entity/Q884,South Korea,http://www.wikidata.org/entity/Q28,Hungary,http://www.wikidata.org/entity/Q15572400,Mózes Csoma
http://www.wikidata.org/entity/Q12748290,"Embassy of Germany, Juba",http://www.wikidata.org/entity/Q958,South Sudan,http://www.wikidata.org/entity/Q183,Germany,http://www.wikidata.org/entity/Q123168738,Christian Sedat
http://www.wikidata.org/entity/Q20921797,"Embassy of the United Kingdom, Madrid",http://www.wikidata.org/entity/Q29,Spain,http://www.wikidata.org/entity/Q145,United Kingdom,http://www.wikidata.org/entity/Q84853303,Hugh Elliott
http://www.wikidata.org/entity/Q26839065,"Embassy of Germany, Madrid",http://www.wikidata.org/entity/Q29,Spain,http://www.wikidata.org/entity/Q183,Germany,http://www.wikidata.org/entity/Q113925806,Maria Margarete Gosse
http://www.wikidata.org/entity/Q63039319,"Embassy of Hungary, Madrid",http://www.wikidata.org/entity/Q29,Spain,http://www.wikidata.org/entity/Q28,Hungary,http://www.wikidata.org/entity/Q70401745,László Odrobina
http://www.wikidata.org/entity/Q59127103,"Embassy of Germany, Colombo",http://www.wikidata.org/entity/Q854,Sri Lanka,http://www.wikidata.org/entity/Q183,Germany,http://www.wikidata.org/entity/Q125524093,Felix Neumann
http://www.wikidata.org/entity/Q110722148,"Embassy of France, Saigon",http://www.wikidata.org/entity/Q1193879,State of Vietnam,http://www.wikidata.org/entity/Q142,France,http://www.wikidata.org/entity/Q787249,Jean-Marie Mérillon
http://www.wikidata.org/entity/Q60036494,"Embassy of Germany, Khartoum",http://www.wikidata.org/entity/Q1049,Sudan,http://www.wikidata.org/entity/Q183,Germany,http://www.wikidata.org/entity/Q30245840,Thomas Terstegen
http://www.wikidata.org/entity/Q1202240,"Embassy of Germany, Stockholm",http://www.wikidata.org/entity/Q34,Sweden,http://www.wikidata.org/entity/Q183,Germany,http://www.wikidata.org/entity/Q109860029,Christina Beinhoff
http://www.wikidata.org/entity/Q1202240,"Embassy of Germany, Stockholm",http://www.wikidata.org/entity/Q34,Sweden,http://www.wikidata.org/entity/Q183,Germany,http://www.wikidata.org/entity/Q109860486,Joachim Bertele
http://www.wikidata.org/entity/Q18291971,"Embassy of Lithuania, Stockholm",http://www.wikidata.org/entity/Q34,Sweden,http://www.wikidata.org/entity/Q37,Lithuania,http://www.wikidata.org/entity/Q11238281,Giedrius Čekuolis
http://www.wikidata.org/entity/Q26980117,"Embassy of Germany, Bern",http://www.wikidata.org/entity/Q39,Switzerland,http://www.wikidata.org/entity/Q183,Germany,http://www.wikidata.org/entity/Q108698033,Michael Flügger
http://www.wikidata.org/entity/Q26980203,Embassy of Hungary in Bern,http://www.wikidata.org/entity/Q39,Switzerland,http://www.wikidata.org/entity/Q28,Hungary,http://www.wikidata.org/entity/Q1715137,József Czukor
http://www.wikidata.org/entity/Q100983657,embassy of Guinea to Switzerland,http://www.wikidata.org/entity/Q39,Switzerland,http://www.wikidata.org/entity/Q1006,Guinea,http://www.wikidata.org/entity/Q123742314,Loucény Condé
http://www.wikidata.org/entity/Q60035968,"embassy of Germany, Dushanbe",http://www.wikidata.org/entity/Q863,Tajikistan,http://www.wikidata.org/entity/Q183,Germany,http://www.wikidata.org/entity/Q117405935,York Schuegraf
http://www.wikidata.org/entity/Q60035875,"Embassy of Germany, Dar es Salaam",http://www.wikidata.org/entity/Q924,Tanzania,http://www.wikidata.org/entity/Q183,Germany,http://www.wikidata.org/entity/Q30245840,Thomas Terstegen
http://www.wikidata.org/entity/Q13021888,"Embassy of the United States, Bangkok",http://www.wikidata.org/entity/Q869,Thailand,http://www.wikidata.org/entity/Q30,United States,http://www.wikidata.org/entity/Q16728411,Glyn T Davies
http://www.wikidata.org/entity/Q13021892,"Embassy of Germany, Bangkok",http://www.wikidata.org/entity/Q869,Thailand,http://www.wikidata.org/entity/Q183,Germany,http://www.wikidata.org/entity/Q1359869,Ernst Reichel
http://www.wikidata.org/entity/Q121952772,"Embassy of Germany, Banjul",http://www.wikidata.org/entity/Q1005,The Gambia,http://www.wikidata.org/entity/Q183,Germany,http://www.wikidata.org/entity/Q125523484,Klaus Botzet
http://www.wikidata.org/entity/Q59785365,"Embassy of Germany, Lomé",http://www.wikidata.org/entity/Q945,Togo,http://www.wikidata.org/entity/Q183,Germany,http://www.wikidata.org/entity/Q76460075,Claudius Fischbach
http://www.wikidata.org/entity/Q59755495,"Embassy of Germany, Port of Spain",http://www.wikidata.org/entity/Q754,Trinidad and Tobago,http://www.wikidata.org/entity/Q183,Germany,http://www.wikidata.org/entity/Q124743665,Christophe Eick
http://www.wikidata.org/entity/Q58897429,"Embassy of Germany, Tripoli",http://www.wikidata.org/entity/Q948,Tunisia,http://www.wikidata.org/entity/Q183,Germany,http://www.wikidata.org/entity/Q2129793,Ralph Tarraf
http://www.wikidata.org/entity/Q59339709,"Embassy of Germany, Tunis",http://www.wikidata.org/entity/Q948,Tunisia,http://www.wikidata.org/entity/Q183,Germany,http://www.wikidata.org/entity/Q104030868,Elisabeth Wolbers
http://www.wikidata.org/entity/Q1202231,"Embassy of Germany, Ankara",http://www.wikidata.org/entity/Q43,Turkey,http://www.wikidata.org/entity/Q183,Germany,http://www.wikidata.org/entity/Q110563540,Sibylle Sorg
http://www.wikidata.org/entity/Q63758966,"Hungarian embassy,  Ankara",http://www.wikidata.org/entity/Q43,Turkey,http://www.wikidata.org/entity/Q28,Hungary,http://www.wikidata.org/entity/Q67636491,Q67636491
http://www.wikidata.org/entity/Q59338125,"Embassy of Germany, Ashgabat",http://www.wikidata.org/entity/Q874,Turkmenistan,http://www.wikidata.org/entity/Q183,Germany,http://www.wikidata.org/entity/Q128995840,Bernd Heinze
http://www.wikidata.org/entity/Q59291689,"Embassy of Germany, Kampala",http://www.wikidata.org/entity/Q1036,Uganda,http://www.wikidata.org/entity/Q183,Germany,http://www.wikidata.org/entity/Q98960116,Matthias Schauer
http://www.wikidata.org/entity/Q12142657,"Embassy of Armenia, Kyiv",http://www.wikidata.org/entity/Q212,Ukraine,http://www.wikidata.org/entity/Q399,Armenia,http://www.wikidata.org/entity/Q21212764,Tigran Seiranyan
http://www.wikidata.org/entity/Q12142671,"Embassy of the Netherlands, Kyiv",http://www.wikidata.org/entity/Q212,Ukraine,http://www.wikidata.org/entity/Q29999,Kingdom of the Netherlands,http://www.wikidata.org/entity/Q67624652,Jennes de Mol
http://www.wikidata.org/entity/Q2063895,"Embassy of Russia, Kyiv",http://www.wikidata.org/entity/Q212,Ukraine,http://www.wikidata.org/entity/Q159,Russia,http://www.wikidata.org/entity/Q1965600,Mikhail Zurabov
http://www.wikidata.org/entity/Q387050,"Embassy of Germany, Kyiv",http://www.wikidata.org/entity/Q212,Ukraine,http://www.wikidata.org/entity/Q183,Germany,http://www.wikidata.org/entity/Q15834198,Martin Jäger
http://www.wikidata.org/entity/Q1532214,"Embassy of Hungary, Kyiv",http://www.wikidata.org/entity/Q212,Ukraine,http://www.wikidata.org/entity/Q28,Hungary,http://www.wikidata.org/entity/Q124755734,Antal Heizer
http://www.wikidata.org/entity/Q20072521,"Embassy of Australia, Kyiv",http://www.wikidata.org/entity/Q212,Ukraine,http://www.wikidata.org/entity/Q408,Australia,http://www.wikidata.org/entity/Q133015216,Paul Lehmann
http://www.wikidata.org/entity/Q59278010,"Embassy of Germany, Abu Dhabi",http://www.wikidata.org/entity/Q878,United Arab Emirates,http://www.wikidata.org/entity/Q183,Germany,http://www.wikidata.org/entity/Q114568204,Alexander Schönfelder
http://www.wikidata.org/entity/Q107377578,"Embassy of Israel, Abu Dhabi",http://www.wikidata.org/entity/Q878,United Arab Emirates,http://www.wikidata.org/entity/Q801,Israel,http://www.wikidata.org/entity/Q13417024,Eitan Na'eh
http://www.wikidata.org/entity/Q5369740,"Embassy of Israel, London",http://www.wikidata.org/entity/Q145,United Kingdom,http://www.wikidata.org/entity/Q801,Israel,http://www.wikidata.org/entity/Q2915982,Mark Regev
http://www.wikidata.org/entity/Q5369754,"Embassy of Japan, London",http://www.wikidata.org/entity/Q145,United Kingdom,http://www.wikidata.org/entity/Q17,Japan,http://www.wikidata.org/entity/Q6142530,Kōji Tsuruoka
http://www.wikidata.org/entity/Q5369787,"Embassy of Mexico, London",http://www.wikidata.org/entity/Q145,United Kingdom,http://www.wikidata.org/entity/Q96,Mexico,http://www.wikidata.org/entity/Q24263691,Julián Ventura Valero
http://www.wikidata.org/entity/Q5369960,"Embassy of the United States, London",http://www.wikidata.org/entity/Q145,United Kingdom,http://www.wikidata.org/entity/Q30,United States,http://www.wikidata.org/entity/Q3569866,Woody Johnson
http://www.wikidata.org/entity/Q15378797,"Embassy of Iran, London",http://www.wikidata.org/entity/Q145,United Kingdom,http://www.wikidata.org/entity/Q794,Iran,http://www.wikidata.org/entity/Q16045069,Hamid Baeidinejad
http://www.wikidata.org/entity/Q15379219,Embassy of Spain in London,http://www.wikidata.org/entity/Q145,United Kingdom,http://www.wikidata.org/entity/Q29,Spain,http://www.wikidata.org/entity/Q2878013,Federico Trillo
http://www.wikidata.org/entity/Q15623567,"Embassy of France, London",http://www.wikidata.org/entity/Q145,United Kingdom,http://www.wikidata.org/entity/Q142,France,http://www.wikidata.org/entity/Q324187,Jean-Pierre Jouyet
http://www.wikidata.org/entity/Q16864364,"Embassy of Bosnia and Herzegovina, London",http://www.wikidata.org/entity/Q145,United Kingdom,http://www.wikidata.org/entity/Q225,Bosnia and Herzegovina,http://www.wikidata.org/entity/Q1596641,Mustafa Mujezinović
http://www.wikidata.org/entity/Q16891031,"Embassy of Belgium, London",http://www.wikidata.org/entity/Q145,United Kingdom,http://www.wikidata.org/entity/Q31,Belgium,http://www.wikidata.org/entity/Q5622641,Guy Trouveroy
http://www.wikidata.org/entity/Q16891032,"Embassy of Portugal, London",http://www.wikidata.org/entity/Q145,United Kingdom,http://www.wikidata.org/entity/Q45,Portugal,http://www.wikidata.org/entity/Q3286873,Manuel Lobo Antunes
http://www.wikidata.org/entity/Q16891034,"Embassy of Hungary, London",http://www.wikidata.org/entity/Q145,United Kingdom,http://www.wikidata.org/entity/Q28,Hungary,http://www.wikidata.org/entity/Q1121834,Ferenc Kumin
http://www.wikidata.org/entity/Q16891035,"Embassy of Romania, London",http://www.wikidata.org/entity/Q145,United Kingdom,http://www.wikidata.org/entity/Q218,Romania,http://www.wikidata.org/entity/Q6845299,Mihnea Motoc
http://www.wikidata.org/entity/Q4374047,"Embassy of Russia, London",http://www.wikidata.org/entity/Q145,United Kingdom,http://www.wikidata.org/entity/Q159,Russia,http://www.wikidata.org/entity/Q15845826,Andrey Kelin
http://www.wikidata.org/entity/Q835031,"Embassy of Germany, London",http://www.wikidata.org/entity/Q145,United Kingdom,http://www.wikidata.org/entity/Q183,Germany,http://www.wikidata.org/entity/Q95987935,Miguel Berger
http://www.wikidata.org/entity/Q68170749,embassy of Bahrain in the United Kingdom,http://www.wikidata.org/entity/Q145,United Kingdom,http://www.wikidata.org/entity/Q398,Bahrain,http://www.wikidata.org/entity/Q28510307,Fawaz bin Mohammed Al Khalifa
http://www.wikidata.org/entity/Q5369535,"Embassy of Afghanistan, Washington, D.C.",http://www.wikidata.org/entity/Q30,United States,http://www.wikidata.org/entity/Q889,Afghanistan,http://www.wikidata.org/entity/Q27050024,Hamdullah Mohib
http://www.wikidata.org/entity/Q5369539,"Embassy of Albania, Washington, D.C.",http://www.wikidata.org/entity/Q30,United States,http://www.wikidata.org/entity/Q222,Albania,http://www.wikidata.org/entity/Q20090672,Floreta Faber
http://www.wikidata.org/entity/Q5369552,"Embassy of Armenia, Washington, D.C.",http://www.wikidata.org/entity/Q30,United States,http://www.wikidata.org/entity/Q399,Armenia,http://www.wikidata.org/entity/Q20514553,Grigor Hovhannissian
http://www.wikidata.org/entity/Q5369554,"Embassy of Australia, Washington, D.C.",http://www.wikidata.org/entity/Q30,United States,http://www.wikidata.org/entity/Q408,Australia,http://www.wikidata.org/entity/Q43135,Kevin Rudd
http://www.wikidata.org/entity/Q5369561,"Embassy of Azerbaijan, Washington, D.C.",http://www.wikidata.org/entity/Q30,United States,http://www.wikidata.org/entity/Q227,Azerbaijan,http://www.wikidata.org/entity/Q5361095,Elin Suleymanov
http://www.wikidata.org/entity/Q5369683,"Embassy of Finland, Washington, D.C.",http://www.wikidata.org/entity/Q30,United States,http://www.wikidata.org/entity/Q33,Finland,http://www.wikidata.org/entity/Q29419266,Kirsti Kauppi
http://www.wikidata.org/entity/Q5369737,"Embassy of Ireland, Washington, D.C.",http://www.wikidata.org/entity/Q30,United States,http://www.wikidata.org/entity/Q27,Ireland,http://www.wikidata.org/entity/Q15444373,Daniel Mulhall
http://www.wikidata.org/entity/Q5369751,"Embassy of Jamaica, Washington, D.C.",http://www.wikidata.org/entity/Q30,United States,http://www.wikidata.org/entity/Q766,Jamaica,http://www.wikidata.org/entity/Q759003,Audrey Marks
http://www.wikidata.org/entity/Q5369760,"Embassy of Kazakhstan in Washington, D.C.",http://www.wikidata.org/entity/Q30,United States,http://www.wikidata.org/entity/Q232,Kazakhstan,http://www.wikidata.org/entity/Q4475322,Kairat Umarov
http://www.wikidata.org/entity/Q5369801,"Embassy of Morocco in Washington, D.C.",http://www.wikidata.org/entity/Q30,United States,http://www.wikidata.org/entity/Q1028,Morocco,http://www.wikidata.org/entity/Q7244665,Lalla Joumala Alaoui
http://www.wikidata.org/entity/Q5369811,"Embassy of Nigeria, Washington, D.C.",http://www.wikidata.org/entity/Q30,United States,http://www.wikidata.org/entity/Q1033,Nigeria,http://www.wikidata.org/entity/Q20890330,Adebowale Adefuye
http://www.wikidata.org/entity/Q5369818,"Embassy of the People's Republic of China, Washington, D.C.",http://www.wikidata.org/entity/Q30,United States,http://www.wikidata.org/entity/Q148,People's Republic of China,http://www.wikidata.org/entity/Q7216297,Qin Gang
http://www.wikidata.org/entity/Q5369839,"Embassy of Romania, Washington, D.C.",http://www.wikidata.org/entity/Q30,United States,http://www.wikidata.org/entity/Q218,Romania,http://www.wikidata.org/entity/Q5542064,George Maior
http://www.wikidata.org/entity/Q5369851,"Embassy of Saudi Arabia in Washington, D.C.",http://www.wikidata.org/entity/Q30,United States,http://www.wikidata.org/entity/Q851,Saudi Arabia,http://www.wikidata.org/entity/Q30082184,Khalid bin Salman bin Abdulaziz Al Saud
http://www.wikidata.org/entity/Q5369882,"Embassy of Switzerland, Washington, D.C.",http://www.wikidata.org/entity/Q30,United States,http://www.wikidata.org/entity/Q39,Switzerland,http://www.wikidata.org/entity/Q19957219,Martin Dahinden
http://www.wikidata.org/entity/Q5369901,"Embassy of Uganda, Washington, D.C.",http://www.wikidata.org/entity/Q30,United States,http://www.wikidata.org/entity/Q1036,Uganda,http://www.wikidata.org/entity/Q17020396,Oliver Wonekha
http://www.wikidata.org/entity/Q5369928,"Embassy of the Czech Republic in Washington, D.C.",http://www.wikidata.org/entity/Q30,United States,http://www.wikidata.org/entity/Q213,Czech Republic,http://www.wikidata.org/entity/Q12021129,Hynek Kmoníček
http://www.wikidata.org/entity/Q5470089,"Embassy of Iran, Washington, D.C.",http://www.wikidata.org/entity/Q30,United States,http://www.wikidata.org/entity/Q794,Iran,http://www.wikidata.org/entity/Q2860731,Ardeshir Zahedi
http://www.wikidata.org/entity/Q12057112,"Embassy of Hungary, Washington, D.C.",http://www.wikidata.org/entity/Q30,United States,http://www.wikidata.org/entity/Q28,Hungary,http://www.wikidata.org/entity/Q105076412,Szabolcs Ferenc Takács
http://www.wikidata.org/entity/Q2841834,"Embassy of Russia, Washington, D.C.",http://www.wikidata.org/entity/Q30,United States,http://www.wikidata.org/entity/Q159,Russia,http://www.wikidata.org/entity/Q4067324,Anatoly Antonov
http://www.wikidata.org/entity/Q2841718,"Embassy of France, Washington, D.C.",http://www.wikidata.org/entity/Q30,United States,http://www.wikidata.org/entity/Q142,France,http://www.wikidata.org/entity/Q1558943,Gérard Araud
http://www.wikidata.org/entity/Q2841718,"Embassy of France, Washington, D.C.",http://www.wikidata.org/entity/Q30,United States,http://www.wikidata.org/entity/Q142,France,http://www.wikidata.org/entity/Q3381035,Philippe Étienne
http://www.wikidata.org/entity/Q3695648,Embassy of Pakistan in Washington,http://www.wikidata.org/entity/Q30,United States,http://www.wikidata.org/entity/Q843,Pakistan,http://www.wikidata.org/entity/Q23761851,Ali Jehangir Siddiqui
http://www.wikidata.org/entity/Q4373968,"Embassy of Bangladesh in Washington, D.C.",http://www.wikidata.org/entity/Q30,United States,http://www.wikidata.org/entity/Q902,Bangladesh,http://www.wikidata.org/entity/Q41674406,Mohammad Ziauddin
http://www.wikidata.org/entity/Q4374001,"Embassy of India, Washington, D.C.",http://www.wikidata.org/entity/Q30,United States,http://www.wikidata.org/entity/Q668,India,http://www.wikidata.org/entity/Q76849931,Taranjit Singh Sandhu
http://www.wikidata.org/entity/Q137245,"Embassy of Canada, Washington, D.C.",http://www.wikidata.org/entity/Q30,United States,http://www.wikidata.org/entity/Q16,Canada,http://www.wikidata.org/entity/Q88720948,Kirsten Hillman
http://www.wikidata.org/entity/Q324833,"Embassy of Germany, Washington",http://www.wikidata.org/entity/Q30,United States,http://www.wikidata.org/entity/Q183,Germany,http://www.wikidata.org/entity/Q499569,Andreas Michaelis
http://www.wikidata.org/entity/Q1156636,"Embassy of Colombia, Washington",http://www.wikidata.org/entity/Q30,United States,http://www.wikidata.org/entity/Q739,Colombia,http://www.wikidata.org/entity/Q1981295,Francisco Santos Calderón
http://www.wikidata.org/entity/Q1202237,"Embassy of Germany, Montevideo",http://www.wikidata.org/entity/Q77,Uruguay,http://www.wikidata.org/entity/Q183,Germany,http://www.wikidata.org/entity/Q59137412,Stefan Duppel
http://www.wikidata.org/entity/Q59278564,"Embassy of Germany, Tashkent",http://www.wikidata.org/entity/Q265,Uzbekistan,http://www.wikidata.org/entity/Q183,Germany,http://www.wikidata.org/entity/Q65921410,Manfred Huterer
http://www.wikidata.org/entity/Q59278158,"Embassy of Germany, Caracas",http://www.wikidata.org/entity/Q717,Venezuela,http://www.wikidata.org/entity/Q183,Germany,http://www.wikidata.org/entity/Q82525847,Volker Pellet
http://www.wikidata.org/entity/Q59277899,"Embassy of Germany, Hanoi",http://www.wikidata.org/entity/Q881,Vietnam,http://www.wikidata.org/entity/Q183,Germany,http://www.wikidata.org/entity/Q131145061,Helga Barth
http://www.wikidata.org/entity/Q73230880,"Embassy of Hungary, Hanoi",http://www.wikidata.org/entity/Q881,Vietnam,http://www.wikidata.org/entity/Q28,Hungary,http://www.wikidata.org/entity/Q840231,Csaba Őry
http://www.wikidata.org/entity/Q58571627,"Embassy of Germany, Sanaa",http://www.wikidata.org/entity/Q805,Yemen,http://www.wikidata.org/entity/Q183,Germany,http://www.wikidata.org/entity/Q76752945,Hubert Jäger
http://www.wikidata.org/entity/Q60151676,"Embassy of Germany, Lusaka",http://www.wikidata.org/entity/Q953,Zambia,http://www.wikidata.org/entity/Q183,Germany,http://www.wikidata.org/entity/Q98960464,Anne Wagner-Mitchell
http://www.wikidata.org/entity/Q60145764,"Embassy of Germany, Harare",http://www.wikidata.org/entity/Q954,Zimbabwe,http://www.wikidata.org/entity/Q183,Germany,http://www.wikidata.org/entity/Q109923930,Udo Volz
