companyLabel,ceoLabel,pre_answer,answer,eval,outdated
Nvidia,Jensen Huang,"The current CEO of Nvidia is Jensen Huang.

Answer: Jensen Huang  
Confidence Score: High",Jensen Huang,True,False
BNP Paribas,Jean-Laurent Bonnafé,"Jean-Laurent Bonnafé is the current CEO of BNP Paribas, confirmed by multiple consistent sources including recent updates in 2025.

The answer is: Jean-Laurent Bonnafé  
Confidence score: High",Jean-Laurent Bonnafé,True,False
"Block, Inc.",Jack Dorsey,"Jack Dorsey is the current CEO of Block, Inc.

Answer: Jack Dorsey  
Confidence: High",Jack Dorsey,True,False
Reliance Industries Limited,Mukesh Ambani,"Mukesh D. Ambani is the current CEO of Reliance Industries Limited.

Answer: Mukesh D. Ambani  
Confidence Score: High",Mukesh D. Ambani,True,False
Frasers Group,Mike Ashley,"The current CEO of Frasers Group is Michael Murray.

**Answer:** Michael Murray  
**Confidence Score:** High",Michael Murray,True,True
Lazard,Peter R. Orszag,"Peter Orszag is the current CEO of Lazard, having assumed the role on October 1, 2023, and continues to serve as of January 1, 2025.

**Answer:** Peter Orszag  
**Confidence Score:** High",Peter Orszag,True,False
Rosneft,Igor Sechin,"Igor Sechin is the current CEO of Rosneft. All provided search results consistently confirm his position, with recent extensions of his tenure into 2025.

Answer: Igor Sechin  
Confidence Score: High",Igor Sechin,True,False
Lenovo,Yang Yuanqing,"The current CEO of Lenovo is Yuanqing Yang.

Answer: Yuanqing Yang  
Confidence Score: High",Yuanqing Yang,True,False
Capgemini,Paul Hermelin,"The current CEO of Capgemini is Aiman Ezzat, who has been in the role since May 20, 2020, and had his term renewed in February 2024. 

Answer: Aiman Ezzat  
Confidence score: High",Aiman Ezzat,True,True
GlobalFoundries,Sanjay Jha,"The current CEO of GlobalFoundries is Tim Breen.

Answer: Tim Breen  
Confidence: High",Tim Breen,True,True
Hewlett-Packard,Meg Whitman,"Enrique Lores is the current President and CEO of HP Inc., confirmed by multiple up-to-date sources.

Answer: Enrique Lores  
Confidence: High",Enrique Lores,True,True
Apple,Steve Jobs,"The current CEO of Apple is **Tim Cook**.

Answer: Tim Cook  
Confidence Score: High",Tim Cook,True,True
LVMH,Bernard Arnault,"The current CEO of LVMH is Bernard Arnault. 

**Answer:** Bernard Arnault  
**Confidence Score:** High",Bernard Arnault,True,False
21st Century Fox,James Murdoch,"The current CEO is likely Lachlan Murdoch as he leads Fox Corporation, the successor after Disney's acquisition of 21st Century Fox.

Answer: Lachlan Murdoch  
Confidence: Medium",Lachlan Murdoch,True,True
Sears,Eddie Lampert,"The current CEO of Sears is Amin Fayez.

Answer: Amin Fayez  
Confidence: Medium",Amin Fayez,False,False
América Móvil,Daniel Hajj Aboumrad,"Daniel Hajj Aboumrad is the current CEO of América Móvil.

Answer: Daniel Hajj Aboumrad  
Confidence: High",Daniel Hajj Aboumrad,True,False
Meta Platforms,Mark Zuckerberg,"Mark Zuckerberg is the current CEO of Meta Platforms.

**Answer:** Mark Zuckerberg  
Confidence Score: High",Mark Zuckerberg,True,False
Harley-Davidson,Jochen Zeitz,"The current CEO of Harley-Davidson is Jochen Zeitz.

Answer: Jochen Zeitz  
Confidence Score: High",Jochen Zeitz,True,False
Wolters Kluwer,Nancy McKinstry,"Nancy McKinstry is the current CEO of Wolters Kluwer as of 2025. She has been in the role since September 1, 2003, and has announced her retirement for early 2026, with Stacey Caywood nominated as her successor.

Answer: Nancy McKinstry  
Confidence score: High",Nancy McKinstry,True,False
Nestlé,Ulf Mark Schneider,"The current CEO of Nestlé is Laurent Freixe.  
Confidence: High",Laurent Freixe.,True,True
Française des jeux,Stéphane Pallez,"Stéphane Pallez is the current Chairwoman and CEO of Française des Jeux (FDJ).

The confidence score for this answer is **high** based on multiple consistent sources confirming her position, including recent updates from 2024 and 2025.

Answer: Stéphane Pallez  
Confidence Score: high",Stéphane Pallez,True,False
Icl Group Ltd,Stefan Borgas,"Elad Aharonson  
Confidence: High",Elad Aharonson,True,True
Asseco Poland,Adam Góral,"The current CEO of Asseco Poland is **Adam Góral**.

Answer: Adam Góral  
Confidence Score: High",Adam Góral,True,False
Naturgy,Francisco Reynés,"Francisco Reynés Massanet is the current CEO of Naturgy.

Answer: Francisco Reynés Massanet  
Confidence score: High",Francisco Reynés Massanet,True,True
Wells Fargo,Charlie Scharf,"Charles W. Scharf  
Confidence: High",Charles W. Scharf,True,False
Mitsubishi UFJ Financial Group,Nobuyuki Hirano,"The current CEO of Mitsubishi UFJ Financial Group is **Hironori Kamezawa**.

Answer: Hironori Kamezawa  
Confidence: High",Hironori Kamezawa,True,True
AMD,Lisa Su,"Dr. Lisa Su

The current CEO of AMD is Dr. Lisa Su.

Confidence: High",Dr. Lisa Su.,True,True
Korean Air,Cho Won-tae,"The current CEO of Korean Air is Walter Cho.  
Confidence: High",Walter Cho.,True,True
Nidec,Shigenobu Nagamori,"The current CEO of Nidec is **Mitsuya Kishida**.

Confidence Score: High",Mitsuya Kishida,False,True
Thales Group,Patrice Caine,"The current CEO of Thales Group is Patrice Caine.

Answer: Patrice Caine  
Confidence score: High",Patrice Caine,True,False
Suzuki Corporate,Suzuki Osamu,"The current CEO of Suzuki Corporate is **Toshihiro Suzuki**.

Confidence Score: High",Toshihiro Suzuki,True,True
Mercedes-Benz Group,Robert James Eaton,"The current CEO of Mercedes-Benz Group is Ola Källenius.

Answer: Ola Källenius  
Confidence: High",Ola Källenius,True,True
American International Group,Peter Zaffino,Peter Zaffino,Peter Zaffino,True,False
TX Group,Pietro Supino,"The current CEO of TX Group is Pietro P. Supino.  
Confidence: High",Pietro P. Supino.,True,False
Honda,Takahiro Hachigō,"The current CEO of Honda is Toshihiro Mibe.

Answer: Toshihiro Mibe  
Confidence: High",Toshihiro Mibe,True,True
Vodafone,Nick Read,"The current CEO of Vodafone is Margherita Della Valle.

Answer: Margherita Della Valle  
Confidence score: High",Margherita Della Valle,True,True
Zurich Insurance Group,Mario Greco,"Mario Greco is the current CEO of Zurich Insurance Group.

Answer: Mario Greco  
Confidence: High",Mario Greco,True,False
PostNL,Herna Verhagen,"The current CEO of PostNL is Pim Berendsen.  
Confidence score: High",Pim Berendsen.,False,True
BMW,Oliver Zipse,"Oliver Zipse is the current CEO of BMW.

Answer: Oliver Zipse  
Confidence Score: High",Oliver Zipse,True,False
QBE Insurance,John Neal,"Andrew Horton is the current Group Chief Executive Officer (CEO) of QBE Insurance.

Answer: Andrew Horton  
Confidence score: High",Andrew Horton,True,True
CoreCivic,Damon T. Hininger,"Damon T. Hininger is the current CEO of CoreCivic. 

Confidence: High",Damon T. Hininger,True,False
Finnair,Pekka Vauramo,"The current CEO of Finnair is **Turkka Kuusisto**.

Answer: Turkka Kuusisto  
Confidence score: High",Turkka Kuusisto,True,True
SalMar,Gustav Witzøe,"The current CEO of SalMar as of the latest information provided is Frode Arntsen. He took over the role in October 2022 and remains in position as of early 2025.

Answer: Frode Arntsen  
Confidence score: High",Frode Arntsen,True,True
Odakyu Electric Railway,Kōji Hoshino,"Shigeru Suzuki  
Confidence: High",Shigeru Suzuki,True,True
Elzab,Krzysztof Urbanowicz,"The current CEO of Elzab is Bartosz Panek.  
Confidence: High",Bartosz Panek.,True,True
Kesko,Mikko Helander,"The current CEO of Kesko is Jorma Rauhala, who was appointed in December 2023 and took office on February 1, 2024.

Answer: Jorma Rauhala  
Confidence score: High",Jorma Rauhala,True,True
Israel Railways,Moshe Zana,"Based on the provided search results, there are conflicting names for the CEO of Israel Railways. However, the most recent and consistent information points to Moshe Jana (also known as Shiko Zana) being the current CEO.

Answer: Moshe Jana  
Confidence score: Medium",Moshe Jana,True,False
Dassault Systèmes,Bernard Charlès,"The current CEO of Dassault Systèmes is Pascal Daloz.

Answer: Pascal Daloz  
Confidence Score: High",Pascal Daloz,True,True
Cloudflare,Matthew Prince,"The current CEO of Cloudflare is Matthew Prince.

Answer: Matthew Prince  
Confidence: High",Matthew Prince,True,False
Pivovary Lobkowicz Group,Jaroslav Tvrdík,"The current CEO is Zdenek Radil.

Answer: Zdenek Radil  
Confidence: Medium",Zdenek Radil,False,True
Deutsche Bank,Christian Sewing,"Christian Sewing is the current CEO of Deutsche Bank, confirmed by multiple sources including the bank's official management board and recent news articles.

**Answer:** Christian Sewing  
Confidence Score: High",Christian Sewing,True,False
Wilh. Wilhelmsen,Thomas Wilhelmsen,"The current CEO of Wilh. Wilhelmsen is Thomas Wilhelmsen.

**Answer:**  
Thomas Wilhelmsen  
**Confidence Score:** High",Thomas Wilhelmsen,True,False
Stellantis,Carlos Tavares,"The current CEO of Stellantis is Tim Kuniskis.

Answer: Tim Kuniskis  
Confidence: Medium",Tim Kuniskis,False,True
Delta-galil Industries Ltd.,Isaac Dabah,"Isaac Dabah is the current CEO of Delta-galil Industries Ltd.

Answer: Isaac Dabah  
Confidence Score: High",Isaac Dabah,True,False
BioNTech,Uğur Şahin,"Ugur Sahin is the current CEO of BioNTech.

Answer: Ugur Sahin  
Confidence: High",Ugur Sahin,True,False
ZipRecruiter,Ian Siegel,"The current CEO of ZipRecruiter is **Ian Siegel**.

Confidence score: High",Ian Siegel,True,False
Renault,Luca de Meo,"Luca de Meo is the current CEO of Renault Group.

Answer: Luca de Meo  
Confidence score: high",Luca de Meo,True,False
Poste Italiane,Matteo Del Fante,"Matteo Del Fante is the current CEO of Poste Italiane.

The answer label is: **Matteo Del Fante**

Confidence score: **high**",Matteo Del Fante,True,False
Eurocash,Luis Conceicao Do Amaral,"The current CEO of Eurocash is **Paweł Surówka**. 

Confidence score: high",Paweł Surówka,True,True
Carrefour Group,Alexandre Bompard,"The current CEO of Carrefour Group is Alexandre Bompard. 

Confidence score: High",Alexandre Bompard.,True,False
Cisco,John Morgridge,"The current CEO of Cisco is **Chuck Robbins**.

Answer: Chuck Robbins  
Confidence Score: High",Chuck Robbins,True,True
Electrolux,Jonas Samuelson,"Yannick Fierling is the current CEO of Electrolux as of January 1, 2025. 

Answer: Yannick Fierling  
Confidence score: High",Yannick Fierling,True,True
Tencent,Ma Huateng,"The current CEO of Tencent is Ma Huateng, also known as Pony Ma.

Answer: Ma Huateng (Pony Ma)

Confidence score: High","Ma Huateng, also known as Pony Ma.",True,True
Macquarie Group,Shemara Wikramanayake,"Shemara Wikramanayake  
Confidence: High",Shemara Wikramanayake,True,False
Ping An Insurance,Ma Mingzhe,"The current Co-Chief Executive Officers (Co-CEOs) of Ping An Insurance are Xie Yonglin and Michael Guo Xiaotao. 

Answer: Xie Yonglin and Michael Guo Xiaotao  
Confidence score: High",Xie Yonglin and Michael Guo Xiaotao,True,True
Moneta Money Bank,Tomáš Spurný,"The current CEO of Moneta Money Bank is Tomas Spurny.

Answer: Tomas Spurny  
Confidence score: high",Tomas Spurny,True,True
Bell Resources,Mark Avery,"Mark Avery is the current CEO of Bell Resources.  
Confidence: High",Mark Avery,True,False
Yandex,Arkady Volozh,"Arkady Volozh  
Confidence: High",Arkady Volozh,False,True
AB Volvo,Hamza Moualdi,"The current CEO of AB Volvo is Martin Lundstedt.

**Answer:** Martin Lundstedt  
**Confidence Score:** High",Martin Lundstedt,True,True
H&M,Karl-Johan Persson,"The current CEO of H&M is Daniel Ervér, who took over on January 31, 2024.

Answer: Daniel Ervér  
Confidence score: High",Daniel Ervér,True,True
ČEZ,Daniel Beneš,"The current CEO of ČEZ is Daniel Beneš.

Answer: Daniel Beneš  
Confidence score: High",Daniel Beneš,True,False
Leonardo,Roberto Cingolani,"The current CEO of Leonardo is Roberto Cingolani. He was appointed in May 2023 and remains in the position as of the latest information available.

Answer: Roberto Cingolani  
Confidence score: High",Roberto Cingolani,True,False
VK,Boris Dobrodeyev,"Vladimir Kirienko is the current CEO of VK based on multiple consistent sources from 2021 onwards, despite a conflicting snippet.

Answer: Vladimir Kirienko  
Confidence: high",Vladimir Kirienko,True,True
freelancer.com,Matt Barrie,"The current CEO of Freelancer.com is Matt Barrie.  

Confidence score: High",Matt Barrie.,True,False
Songa Offshore SE,Bjørnar Iversen,"The most recent information indicates that after Bjørnar Iversen's resignation in March 2018, Jens A Wilhelmsen took over as interim CEO of Songa Offshore SE. However, it's unclear if there was a permanent replacement by 2025.

Answer: Jens A Wilhelmsen (interim)
Confidence score: medium",Jens A Wilhelmsen,False,True
Standard Chartered,Bill Winters,"The current CEO of Standard Chartered is Bill Winters.

Answer: Bill Winters  
Confidence: High",Bill Winters,True,False
Saudi Aramco,Amin H. Al-Nasser,"Amin H. Nasser is the current President and CEO of Saudi Aramco.

Answer: Amin H. Nasser  
Confidence Score: High",Amin H. Nasser,True,False
Telstra,Andy Penn,"Vicki Brady is the current CEO of Telstra.

**Answer:** Vicki Brady  
**Confidence Score:** High",Vicki Brady,True,True
LPP,Marek Piechocki,"The current CEO of LPP as of the latest available information is **Marek Piechocki**, though there are indications of a potential transition.

Answer: Marek Piechocki  
Confidence: Medium",Marek Piechocki,True,False
Porsche,Heinz Branitzki,"The current CEO of Porsche is Oliver Blume. He serves as the global CEO, while Timo Resch leads the North American division.

Answer: Oliver Blume  
Confidence score: High",Oliver Blume,True,True
DuPont,Edward D. Breen,"The current CEO of DuPont is Lori D. Koch.

**Answer:** Lori D. Koch  
**Confidence Score:** High",Lori D. Koch,True,True
Unibail Rodamco Westfield,Jean-Marie Tritant,"The current CEO of Unibail Rodamco Westfield is Jean-Marie Tritant.

Answer: Jean-Marie Tritant  
Confidence: High",Jean-Marie Tritant,True,False
Newag,Zbigniew Konieczek,"The current CEO of Newag is Zbigniew Konieczek.

**Answer:** Zbigniew Konieczek  
**Confidence Score:** High",Zbigniew Konieczek,True,False
G4S,Ashley Almanza,"The current CEO of G4S is **Ashley Almanza**.

Answer: Ashley Almanza  
Confidence score: Medium",Ashley Almanza,True,False
GN Store Nord,Jørgen Lindegaard,"Peter Karlstromer

high",Peter Karlstromer,True,True
Beyond Meat,Ethan Brown,"The current CEO of Beyond Meat is Ethan Brown.

Answer: Ethan Brown  
Confidence Score: High",Ethan Brown,True,False
Rotem Shani,Q17522859,"The current CEO of Rotem Shani is **Didi Yedidya**.

Answer: Didi Yedidya  
Confidence Score: High",Didi Yedidya,True,True
Heineken,Jean-François van Boxmeer,"The current CEO of Heineken is Dolf van den Brink.

Answer: Dolf van den Brink  
Confidence Score: High",Dolf van den Brink,True,True
JPMorgan Chase,Jamie Dimon,"The current CEO of JPMorgan Chase is Jamie Dimon.

Confidence: High",Jamie Dimon.,True,False
Chevron Corporation,Mike Wirth,"Mike Wirth is the current CEO of Chevron Corporation.

Answer: Mike Wirth  
Confidence Score: High",Mike Wirth,True,False
Snap Inc.,Evan Spiegel,"Evan Spiegel is the current CEO of Snap Inc.

The answer label is: Evan Spiegel  
Confidence score: High",Evan Spiegel,True,False
Legrand,Benoît Coquart,"The current CEO of Legrand is Benoît Coquart.

Answer: Benoît Coquart  
Confidence score: High",Benoît Coquart,True,False
"Elevance Health, Inc.",Joe Swedish,"Gail K. Boudreaux  
Confidence: High",Gail K. Boudreaux,True,True
Atari SA,Frédéric Chesnais,"The current CEO of Atari SA is Wade J. Rosen.

Answer: Wade J. Rosen  
Confidence Score: High",Wade J. Rosen,True,True
Japan Post Holdings,Masatsugu Nagato,"The current CEO of Japan Post Holdings is Hiroya Masuda.

**Answer:** Hiroya Masuda  
Confidence: Medium",Hiroya Masuda,True,True
Telkom Indonesia,Alex Sinaga,"The current CEO of Telkom Indonesia is Ririek Adriansyah. 

Confidence score: High",Ririek Adriansyah.,True,True
Imperial Hotel,Hideya Sadayasu,"The current CEO of Imperial Hotel is Jun Kazama.  
Confidence score: high",Jun Kazama.,True,True
Spotify Technology,Daniel Ek,"The current CEO of Spotify Technology is Daniel Ek.  
Confidence: High",Daniel Ek.,True,False
General Motors,Mary Barra,"Mary Barra is the current CEO of General Motors.

high",Mary Barra,True,False
Western Union,Hikmet Ersek,"Devin McGranahan is the current CEO of Western Union.

**Answer:** Devin McGranahan  
**Confidence Score:** High",Devin McGranahan,True,True
Polestar,Michael Lohscheller,"The current CEO of Polestar is Michael Lohscheller.

Answer: Michael Lohscheller  
Confidence score: High",Michael Lohscheller,True,False
TIM Group,Salvatore Rossi,"Pietro Labriola is the current CEO of TIM Group.

Answer: Pietro Labriola  
Confidence score: High",Pietro Labriola,True,True
Verizon Communications,Hans Vestberg,"Hans Vestberg  
Confidence: High",Hans Vestberg,True,False
Bank of America,Brian Moynihan,"The current CEO of Bank of America is Brian Moynihan.

Confidence: High",Brian Moynihan.,True,False
Naftna Industrija Srbije,Kirill Kravchenko,"The current CEO of Naftna Industrija Srbije is **Kirill Tyurdenev**.

Answer: Kirill Tyurdenev  
Confidence score: High",Kirill Tyurdenev,True,True
Similarweb,Or Offer,"Or Offer is the current CEO of Similarweb. Multiple reliable sources, including Yahoo Finance and Comparably, confirm this, with one source being as recent as October 2024.

Answer: Or Offer  
Confidence Score: High",Or Offer,True,False
Nikola Corporation,Trevor Milton,"The current CEO of Nikola Corporation is Stephen J. Girsky.

Answer: Stephen J. Girsky  
Confidence Score: High",Stephen J. Girsky,True,True
Maggie Beer Holdings,Laura McBain,"The current CEO of Maggie Beer Holdings is Kinda Grange.

Answer: Kinda Grange  
Confidence Score: Medium",Kinda Grange,True,True
Freyr Battery,Jan Arve Haugan,"Daniel Barcelo is the current CEO of Freyr Battery.

**Answer:** Daniel Barcelo  
**Confidence Score:** High",Daniel Barcelo,True,True
Repsol,Josu Jon Imaz,"The current CEO of Repsol is Josu Jon Imaz.

high",Josu Jon Imaz.,True,False
"GREE, Inc.",Yoshikazu Tanaka,"The current CEO of GREE, Inc. is Yoshikazu Tanaka.

Answer label: Yoshikazu Tanaka  
Confidence score: high",Yoshikazu Tanaka.,True,False
Broadcom,Tan Hock Eng,"Hock E. Tan is the current CEO of Broadcom.

The answer label is: **Hock E. Tan**  
Confidence score: **high**",Hock E. Tan,True,True
Adobe,John Warnock,"Shantanu Narayen is the current CEO of Adobe.

**Answer:** Shantanu Narayen  
**Confidence Score:** High",Shantanu Narayen,True,True
Publicis,Maurice Lévy,"Arthur Sadoun  
High",Arthur Sadoun,True,True
Microsoft,Satya Nadella,"The current CEO of Microsoft is Satya Nadella.

Answer: **Satya Nadella**  
Confidence score: **High**",Satya Nadella.,True,False
ConocoPhillips,Ryan Lance,"Ryan Lance is the current CEO of ConocoPhillips.

The answer label is: **Ryan Lance**

Confidence score: High",Ryan Lance,True,False
Kering,François-Henri Pinault,"The current CEO of Kering is François-Henri Pinault.

**Answer:** François-Henri Pinault  
**Confidence Score:** High",François-Henri Pinault,True,False
Homeserve,Richard Harpin,"Tom Rusin is the current CEO of Homeserve. 

Answer: Tom Rusin  
Confidence score: high",Tom Rusin,True,True
"Netflix, Inc.",Reed Hastings,"The current Co-CEOs of Netflix are Ted Sarandos and Greg Peters.

Answer: Ted Sarandos and Greg Peters  
Confidence: High",Ted Sarandos and Greg Peters,True,True
RTL Group,Thomas Rabe,"The current CEO of RTL Group is Thomas Rabe. 

Answer: Thomas Rabe  
Confidence: High",Thomas Rabe,True,False
SCOR SE,Denis Kessler,"Thierry Léger is the current CEO of SCOR SE. The information from multiple sources confirms this, with recent updates as of October 30, 2024.

Answer: Thierry Léger  
Confidence Score: High",Thierry Léger,True,True
Sanofi,Paul Hudson,"The current CEO of Sanofi is **Paul Hudson**.

Answer: Paul Hudson  
Confidence Score: High",Paul Hudson,True,False
Fjord1,Dagfinn Neteland,"The current CEO of Fjord1 is Dagfinn Neteland.

high",Dagfinn Neteland.,True,False
PGE Polska Grupa Energetyczna,Henryk Baranowski,"The current CEO of PGE Polska Grupa Energetyczna is Dariusz Marzec.

Answer: Dariusz Marzec  
Confidence score: High",Dariusz Marzec,True,True
Canal+,Maxime Saada,"Maxime Saada is the current CEO of Canal+. 

Answer: Maxime Saada  
Confidence score: High",Maxime Saada,True,False
Electronic Arts,Andrew Wilson,"The current CEO of Electronic Arts is Andrew Wilson.

**Answer:** Andrew Wilson  
**Confidence Score:** High",Andrew Wilson,True,False
Hang Seng Bank,Rose Lee Wai Mun,"The current CEO of Hang Seng Bank is Diana Ferreira Cesar.

Answer: Diana Ferreira Cesar  
Confidence Score: High",Diana Ferreira Cesar,True,True
Norwegian Air Shuttle,Geir Karlsen,"The current CEO of Norwegian Air Shuttle is **Geir Karlsen**.  
Confidence score: **high**",Geir Karlsen,True,False
BlackRock,Larry Fink,"Larry Fink is the current CEO of BlackRock.

The answer label is: **Larry Fink**

Confidence score: **High**",Larry Fink,True,False
Getlink,Jacques Gounon,"The current CEO of Getlink is **Yann Leriche**.

Answer: Yann Leriche  
Confidence Score: High",Yann Leriche,True,True
Tauron Polska Energia,Filip Grzegorczyk,"The current CEO of Tauron Polska Energia is Pawel Straczynski.

Answer: Pawel Straczynski  
Confidence score: medium",Pawel Straczynski,True,True
Viaplay Group,Anders Jensen,"Jørgen Madsen Lindemann is the current CEO of Viaplay Group.

Answer: Jørgen Madsen Lindemann  
Confidence: medium",Jørgen Madsen Lindemann,True,True
Vinci,Guy Dejouany,"The current CEO of Vinci is Pierre Anjolras.

Confidence score: High",Pierre Anjolras.,False,True
Air New Zealand,Christopher Luxon,"The current CEO of Air New Zealand is Greg Foran, who will step down in October 2025.

Answer: Greg Foran  
Confidence Score: High",Greg Foran,True,True
Northrop Grumman,Kathy J. Warden,"Kathy J. Warden  
Confidence: High",Kathy J. Warden,True,False
Polaris Media,Per Axel Koch,"The current CEO of Polaris Media is Per Axel Koch.

Answer: Per Axel Koch  
Confidence: High",Per Axel Koch,True,False
Nokia,Björn Westerlund,"The current CEO of Nokia is Justin Hotard, who took over on April 1, 2025.

Answer: Justin Hotard  
Confidence score: High",Justin Hotard,True,True
Fortescue Metals Group,Elizabeth Gaines,"The current CEO of Fortescue Metals Group is **Dino Otranto**.  
Confidence: High",Dino Otranto,True,True
KGHM Polska Miedź,Radosław Domagalski-Łabędzki,"The current CEO of KGHM Polska Miedź is Andrzej Szydło.

**Answer:** Andrzej Szydło  
**Confidence Score:** High",Andrzej Szydło,True,True
Evry,Per Hove,"The current CEO of Evry is Chris Gay.

Answer: Chris Gay  
Confidence: High",Chris Gay,False,False
GMM Grammy,Boosaba Daorueng,"The current CEO of GMM Grammy is Boosaba Daorueng, serving as the Group CEO since her appointment in February 2012.

Answer: Boosaba Daorueng  
Confidence Score: medium",Boosaba Daorueng,True,False
HP Inc.,Dion Weisler,"The current CEO of HP Inc. is **Enrique Lores**.  
Confidence score: **high**",Enrique Lores,True,True
Storebrand,Odd Arild Grefstad,"Odd Arild Grefstad is the current CEO of Storebrand Group since 2012, while Jan Erik Saugestad leads Storebrand Asset Management. Based on the information provided, Odd Arild remains the Group CEO.

Answer: Odd Arild Grefstad  
Confidence score: High",Odd Arild Grefstad,True,False
Caterpillar Inc.,Jim Umpleby,"The current CEO of Caterpillar Inc. is D. James (Jim) Umpleby III.

Answer: D. James (Jim) Umpleby III  
Confidence Score: High",D. James (Jim) Umpleby III,True,True
Hurtigruten Group,Daniel Skjeldam,"The current CEO of Hurtigruten Group is Hedda Felin.

Answer: Hedda Felin  
Confidence score: High",Hedda Felin,True,True
Orange Polska,Bruno Duthoit,"The current CEO of Orange Polska is **Liudmila Climoc**.  
Confidence: High",Liudmila Climoc,True,True
"UNIMEX GROUP, uzavřený investiční fond",Jiří Šimáně,"The current CEO of UNIMEX GROUP, uzavřený investiční fond, is not explicitly mentioned in the provided search results.

Answer: Not specified in the provided context.
Confidence score: low",Not specified in the provided context.,False,False
Miss Grand International (company),Nawat Itsaragrisil,"The current CEO of Miss Grand International (company) is Nawat Itsaragrisil.  
Confidence: High",Nawat Itsaragrisil.,True,False
Aena,Maurici Lucena Betriu,"Maurici Lucena Betriu is the current CEO of Aena. 

The confidence score for this answer is **high** based on multiple consistent and recent sources confirming his position.",Maurici Lucena Betriu,True,False
Dassault Aviation,Éric Trappier,"Éric Trappier is the current CEO of Dassault Aviation.

high",Éric Trappier,True,False
O2 Czech Republic,Jindřich Fremuth,"The current CEO of O2 Czech Republic is **Jindřich Fremuth**.

Answer: Jindřich Fremuth  
Confidence score: High",Jindřich Fremuth,True,False
Alphabet Inc.,Sundar Pichai,"The current CEO of Alphabet Inc. is **Sundar Pichai**.  
Confidence score: **high**",Sundar Pichai,True,False
OHL ŽS,Petr Brzezina,"Roman Kocúrek is the current CEO of OHL ŽS.

high",Roman Kocúrek,True,True
ADA,Nicolas Rousselet,"Charles D. ""Chuck"" Henderson is the current CEO of the American Diabetes Association (ADA).

Answer: Charles D. ""Chuck"" Henderson  
Confidence Score: High","Charles D. """"Chuck"""" Henderson",False,True
Ubisoft,Yves Guillemot,"The current CEO of Ubisoft is Yves Guillemot.  
Confidence: High",Yves Guillemot.,True,False
Arkema,Thierry Le Hénaff,"Thierry Le Hénaff is the current CEO of Arkema.

**Answer:** Thierry Le Hénaff  
**Confidence Score:** High",Thierry Le Hénaff,True,False
Fiat Chrysler Automobiles,Michael Manley,"The current CEO of Fiat Chrysler Automobiles (FCA) is Olivier François. He serves as the CEO of Fiat and Abarth, and also holds the position of Chief Marketing Officer at Stellantis, which was formed by the merger of FCA and PSA Group.

Answer: Olivier François  
Confidence Score: High",Olivier François,True,True
Vivendi,Yannick Bolloré,"Arnaud de Puyfontaine

high",Arnaud de Puyfontaine,True,True
Google,Sundar Pichai,"Sundar Pichai is the current CEO of Google.

**Answer:** Sundar Pichai  
**Confidence Score:** High",Sundar Pichai,True,False
Accor,Sébastien Bazin,"Sébastien Bazin is the current CEO of Accor.

The confidence score for this answer is **high** based on consistent and recent information across all provided sources.

Answer: Sébastien Bazin  
Confidence: High",Sébastien Bazin,True,False
Air France-KLM,Benjamin Smith,"Benjamin Smith is the current CEO of Air France-KLM.

**Answer:** Benjamin Smith  
Confidence Score: High",Benjamin Smith,True,False
FNC Entertainment,Han Sung-ho,"The current CEOs of FNC Entertainment are Ahn Seok-joon and Han Seung-hoon.

Answer: Ahn Seok-joon and Han Seung-hoon
Confidence score: medium",Ahn Seok-joon and Han Seung-hoon,True,True
Luminar Technologies,Austin Russell,"Austin Russell is the current CEO of Luminar Technologies.  
Confidence: High",Austin Russell,True,False
Groupe SEB,Thierry de La Tour d'Artaise,"The current CEO of Groupe SEB is **Stanislas de Gramont**.

Answer: Stanislas de Gramont  
Confidence Score: High",Stanislas de Gramont,True,True
Ahold Delhaize,Frans Muller,"The current CEO of Ahold Delhaize is Frans Muller.

Answer: Frans Muller  
Confidence: High",Frans Muller,True,False
VEON,Kaan Terzioğlu,"The current CEO of VEON is Kaan Terzioğlu.

Answer: Kaan Terzioğlu  
Confidence Score: High",Kaan Terzioğlu,True,False
Webuild,Pietro Salini,"The current CEO of Webuild is Pietro Salini.

high",Pietro Salini.,True,False
Indra Sistemas,José Vicente de los Mozos,"The current CEO of Indra Sistemas is José Vicente de los Mozos.

**Answer:** José Vicente de los Mozos  
**Confidence Score:** High",José Vicente de los Mozos,True,False
AnyColor,Riku Tazumi,"The current CEO of AnyColor is Riku Tazumi.

Answer: Riku Tazumi  
Confidence Score: High",Riku Tazumi,True,False
Traton,Christian Levin,"Christian Levin is the current CEO of Traton SE. He has been serving in this position since October 1, 2021, when the CEO roles for TRATON GROUP and Scania were merged.

Answer: Christian Levin  
Confidence Score: High",Christian Levin,True,False
Nintendo,Tatsumi Kimishima,"Shuntaro Furukawa is the current CEO of Nintendo.

Answer: Shuntaro Furukawa  
Confidence: High",Shuntaro Furukawa,True,True
Nippon Steel Corporation,Eiji Hashimoto,"The current CEO of Nippon Steel Corporation is Tadashi Imai.

Confidence score: medium",Tadashi Imai.,False,False
Meliá Hotels International,Gabriel Escarrer Jaume,"Gabriel Escarrer Jaume  
Confidence: High",Gabriel Escarrer Jaume,True,False
IBM,Arvind Krishna,"The current CEO of IBM is Arvind Krishna.

Answer: Arvind Krishna  
Confidence: High",Arvind Krishna,True,False
Royal Unibrew,Henrik Brandt,"The current CEO of Royal Unibrew is Lars Jensen, who has been in the role since September 1, 2020.

Answer: Lars Jensen  
Confidence Score: High",Lars Jensen,True,True
MicroStrategy,Michael J. Saylor,"The current CEO of MicroStrategy is Phong Le. He assumed the role on August 8, 2022, succeeding Michael J. Saylor, who became Executive Chairman.

**Answer:** Phong Le  
Confidence Score: High",Phong Le,True,True
Bank Hapoalim B.M.,Zvi Ziv,"Yadin Antebi is the current CEO of Bank Hapoalim B.M., appointed in August 2024, as confirmed by multiple reliable sources. 

Answer: Yadin Antebi  
Confidence: High",Yadin Antebi,True,True
Emperia Holding,Dariusz Kalinowski,"The current CEO of Emperia Holding is Olga Dogadkina. 

Answer: Olga Dogadkina  
Confidence score: High",Olga Dogadkina,False,True
Turkish Airlines,Temel Kotil,"The current CEO of Turkish Airlines is Bilal Ekşi.

Answer: Bilal Ekşi  
Confidence Score: High",Bilal Ekşi,True,True
DNB Bank,Kjerstin Braathen,"The current CEO of DNB Bank is **Kjerstin Braathen**.

Answer: Kjerstin Braathen  
Confidence Score: High",Kjerstin Braathen,True,False
"Tesla, Inc.",Ze'ev Drori,"Elon Musk is the current CEO of Tesla, Inc.

The confidence score for this answer is **high** based on multiple consistent and reliable sources confirming his role as CEO.",Elon Musk,True,True
Bed Bath & Beyond Inc.,Steven H. Temares,"Chandra Holt is the current CEO of Bed Bath & Beyond Inc., appointed in February 2024.

Answer: Chandra Holt  
Confidence Score: High",Chandra Holt,True,True
Novo Nordisk,Lars Fruergaard Jørgensen,Lars Fruergaard Jørgensen,Lars Fruergaard Jørgensen,True,False
Bombardier,Alain Bellemare,"Éric Martel is the current CEO of Bombardier.

Answer: Éric Martel  
Confidence Score: High",Éric Martel,True,True
Woolworths Group,Brad Banducci,"The current CEO of Woolworths Group is Amanda Bardwell. She took over after Brad Banducci retired in September 2024 and has been serving in this role since then.

Answer: Amanda Bardwell  
Confidence score: High",Amanda Bardwell,True,True
AstraZeneca,Pascal Soriot,"Pascal Soriot  
Confidence: High",Pascal Soriot,True,False
Reckitt,Laxman Narasimhan,"Kris Licht is the current CEO of Reckitt.

Answer label: Kris Licht  
Confidence score: High",Kris Licht,True,True
The Walt Disney Company,Bob Chapek,"The current CEO of The Walt Disney Company is Robert A. Iger.

Answer: Robert A. Iger  
Confidence score: High",Robert A. Iger,True,True
McDonald’s,Michael R. Quinlan,"Chris Kempczinski is the current CEO of McDonald’s.

Answer: Chris Kempczinski  
Confidence Score: High",Chris Kempczinski,True,True
Zim Integrated Shipping Services Ltd,Eliyahu Glickman,"Eli Glickman is the current CEO of Zim Integrated Shipping Services Ltd.

Answer: Eli Glickman  
Confidence Score: High",Eli Glickman,True,False
PetroChina Company Limited,Zhou Jiping,"The current CEO of PetroChina Company Limited is Mr. Yongzhang Huang.

Answer: Yongzhang Huang  
Confidence: High",Yongzhang Huang,False,True
CCC,Dariusz Miłek,"The current CEO of CCC is Githesh Ramamurthy.

high",Githesh Ramamurthy.,True,True
RTX,Greg Hayes,"The current CEO of RTX is Christopher T. Calio.

Answer: Christopher T. Calio  
Confidence: High",Christopher T. Calio,True,True
Viatris,Scott A. Smith,"Scott A. Smith is the current CEO of Viatris, effective April 1, 2023.

Answer: Scott A. Smith  
Confidence: High",Scott A. Smith,True,False
Pfizer,Albert Bourla,"Albert Bourla is the current CEO of Pfizer.

The confidence score is high because multiple up-to-date sources, including recent YouTube videos and articles from 2025, confirm his position.

high",Albert Bourla,True,False
Česká spořitelna,Pavel Kysilka,"The current CEO of Česká spořitelna is **Tomáš Salomon**.

Answer: Tomáš Salomon  
Confidence: High",Tomáš Salomon,True,True
Zealand Pharma,Britt Meelby Jensen,"The current CEO of Zealand Pharma is Adam Steensberg.

Answer: Adam Steensberg  
Confidence: High",Adam Steensberg,True,True
Hertz Global Holdings,Kathryn V. Marinello,"Gil West is the current CEO of Hertz Global Holdings. All provided search results consistently confirm his appointment as CEO, effective April 2024, without any conflicting information. 

Answer: Gil West  
Confidence Score: High",Gil West,True,True
Sony Group,Kenichiro Yoshida,"Hiroki Totoki is the current CEO of Sony Group.

Answer: Hiroki Totoki  
Confidence score: high",Hiroki Totoki,True,True
Lippo Karawaci,Mochtar Riady,"John Riady is the current CEO of Lippo Karawaci.

Answer: **John Riady**
Confidence Score: **High**",John Riady,True,True
Gilead Sciences,Daniel O'Day,"Daniel O'Day is the current CEO of Gilead Sciences.

The confidence score for this answer is **high** because multiple reliable sources consistently confirm his position across different time points up to 2025.",Daniel O'Day,True,False
"Endeavor Group Holdings, Inc.",Patrick Whitesell,"Ariel Emanuel

Confidence: Medium",Ariel Emanuel,True,True
Orlen Unipetrol,Andrzej Modrzejewski,"The current CEO of Orlen Unipetrol is **Marek Świtajewski**.

Confidence score: High",Marek Świtajewski,False,True
Vodacom,Shameel Joosub,"The current CEO of Vodacom is Mohamed Shameel Aziz Joosub.

Answer: Mohamed Shameel Aziz Joosub  
Confidence Score: High",Mohamed Shameel Aziz Joosub,True,True
Sparebanken Vest,Jan Erik Kjerpeseth,"The current CEO of Sparebanken Vest is Jan Erik Kjerpeseth.

Answer: Jan Erik Kjerpeseth  
Confidence score: High",Jan Erik Kjerpeseth,True,False
National Grid plc,Steve Holliday,"John Pettigrew has been consistently identified across multiple sources as the CEO of National Grid plc since 2016, with recent confirmations up to March 2025.

Answer: John Pettigrew  
Confidence Score: High",John Pettigrew,True,True
Qt Group Plc,Juha Varelius,"The current CEO of Qt Group Plc is Juha Varelius.

**Step-by-Step Explanation:**

1. **Identify Relevant Information:** Multiple search results consistently mention Juha Varelius as the CEO since 2016, while Robert Ingman is noted as the Chair of the Board, not the CEO.
2. **Confirm Consistency Across Sources:** All sources except one (which refers to a board member) agree on Varelius being the CEO.
3. **Determine Confidence:** High confidence due to consistent information across multiple reliable sources.

**Answer:**
Juha Varelius  
Confidence Score: High",Juha Varelius,True,False
SVB Financial Group,Greg Becker,"The current CEO of SVB Financial Group is not specified in the provided search results following Greg Becker's resignation. 

Answer: No current CEO named  
Confidence: Medium",No current CEO named,False,True
Nippon Chemi-Con,Norio Kamiyama,"The current CEO of Nippon Chemi-Con is Norio Kamiyama.

Answer: Norio Kamiyama  
Confidence: High",Norio Kamiyama,True,False
China Auto Renting Inc.,Lu Zhengyao,"The current CEO of China Auto Renting Inc. is **Charles Zhenyao Lu**.

Answer: Charles Zhenyao Lu  
Confidence Score: High",Charles Zhenyao Lu,True,True
Westpac,Peter King,"Anthony Miller  
high",Anthony Miller,True,True
American Financial Group,S. Craig Lindner,"The current co-CEOs of American Financial Group are Carl H. Lindner III and S. Craig Lindner. 

Answer: Carl H. Lindner III and S. Craig Lindner
Confidence score: high",Carl H. Lindner III and S. Craig Lindner,True,True
Airbnb,Brian Chesky,"The current CEO of Airbnb is **Brian Chesky**.

Confidence: High",Brian Chesky,True,False
Shimano Kabushiki-kaisha,Shozaburo Shimano,"The current CEO of Shimano Kabushiki-kaisha is Yozo Shimano.

Answer: Yozo Shimano  
Confidence: High",Yozo Shimano,True,True
Grupo ACS,Juan Santamaría,"The current CEO of Grupo ACS is Juan Santamaría Cases.

Answer: Juan Santamaría Cases  
Confidence: High",Juan Santamaría Cases,True,False
Ipsos,Ben Page,"The current CEO of Ipsos is Ben Page. He has been serving as the global CEO since November 2021. Mary Ann Packo was appointed as the CEO for Ipsos North America in May 2024, but she reports to Ben Page, who retains his position as the overall CEO.

Answer: Ben Page  
Confidence score: High",Ben Page,True,False
Powszechny Zakład Ubezpieczeń,Paweł Surowka,"The current CEO of Powszechny Zakład Ubezpieczeń is Andrzej Klesyk.

Answer: Andrzej Klesyk  
Confidence score: High",Andrzej Klesyk,True,True
Moderna,Stéphane Bancel,"Stéphane Bancel is the current CEO of Moderna. All sources consistently name him as CEO with recent updates up to 2025.

Answer: Stéphane Bancel  
Confidence: High",Stéphane Bancel,True,False
Nissan Motor Co. Ltd.,Hiroto Saikawa,Ivan Espinosa,Ivan Espinosa,True,True
West Japan Railway Company,Kazuaki Hasegawa,"Shoji Kurasaka is set to become the current CEO of West Japan Railway Company, replacing Kazuaki Hasegawa. 

Answer: Shoji Kurasaka  
Confidence Score: Medium",Shoji Kurasaka,False,False
Repsol Oil & Gas Canada,James Buckee,"Josu Jon Imaz San Miguel is the current CEO of Repsol Oil & Gas Canada. 

Answer label: Josu Jon Imaz  
Confidence score: medium",Josu Jon Imaz San Miguel,True,True
Takeda Pharmaceutical Company,Christophe Weber,"Christophe Weber is currently the CEO of Takeda Pharmaceutical Company.

Step-by-step explanation:
- Multiple sources confirm Christophe Weber as the current CEO since 2014.
- Recent announcements from January and February 2025 state that Julie Kim will succeed him in June 2026, but she hasn't taken over yet.

Answer: **Christophe Weber**  
Confidence score: High",Christophe Weber,True,False
Casino Group,Philippe Palazzi,"The current CEO of Casino Group is Philippe Palazzi.

Answer: Philippe Palazzi  
Confidence Score: High",Philippe Palazzi,True,False
T-Mobile US,Mike Sievert,"Mike Sievert is the current CEO of T-Mobile US.

Answer: Mike Sievert  
Confidence Score: High",Mike Sievert,True,False
First Media,Ali Chendra,"The current CEO of First Media is Guy Oranim.

**Answer:** Guy Oranim  
**Confidence Score:** High",Guy Oranim,True,True
Entain,Shay Segev,"The current CEO of Entain is Stella David serving as the interim CEO after Gavin Isaacs stepped down.

Answer: Stella David (interim)  
Confidence score: high",Stella David serving as the interim CEO after Gavin Isaacs stepped down.,True,True
Sea Ltd,Forrest Li,"Forrest Li is the current CEO of Sea Ltd.

Answer: Forrest Li  
Confidence: High",Forrest Li,True,False
ASML Holding,Peter Wennink,"Christophe Fouquet is the current CEO of ASML Holding.

Confidence: High",Christophe Fouquet,True,True
Magyar Telekom,Tibor Rékasi,"The current CEO of Magyar Telekom is Tibor Rékasi.

**Answer:** Tibor Rékasi  
**Confidence Score:** High",Tibor Rékasi,True,False
Unieuro,Giancarlo Nicosanti Monterastelli,"The current CEO of Unieuro is Giancarlo Nicosanti Monterastelli.

Answer: Giancarlo Nicosanti Monterastelli  
Confidence Score: High",Giancarlo Nicosanti Monterastelli,True,False
Lassila & Tikanoja,Eero Hautaniemi,"The current CEO of Lassila & Tikanoja is Eero Hautaniemi. Multiple sources confirm his role as President and CEO, with one result from March 2025 indicating his ongoing leadership.

Answer: Eero Hautaniemi  
Confidence Score: High",Eero Hautaniemi,True,False
HSBC,John Flint,"The current CEO of HSBC is Georges Elhedery.

**Answer:** Georges Elhedery  
**Confidence Score:** High",Georges Elhedery,True,True
Groupe Bull,Pierre Barnabé,"The current CEO of Groupe Bull is Philippe Vannier.

Answer: Philippe Vannier  
Confidence: Medium",Philippe Vannier,True,True
The Hertz Corporation,Paul Stone,"The current CEO of The Hertz Corporation is **Gil West**.

Answer: Gil West  
Confidence Score: High",Gil West,True,True
Kraft Heinz,Bernardo Hees,"The current CEO of Kraft Heinz is Carlos Abrams-Rivera.

Answer: Carlos Abrams-Rivera  
Confidence Score: High",Carlos Abrams-Rivera,True,True
Novonesis,Ester Baiget,"The current CEO of Novonesis is **Ester Baiget**.  
Confidence score: **high**",Ester Baiget,True,False
ExxonMobil,Darren Woods,"The current CEO of ExxonMobil is Darren W. Woods.

**Answer:** Darren W. Woods  
**Confidence Score:** High",Darren W. Woods,True,False
PayPal,Dan Schulman,"The current CEO of PayPal is Alex Chriss.  
Confidence: High",Alex Chriss.,True,True
Aviva,Amanda Blanc,"The current CEO of Aviva is Dame Amanda Blanc.  
Confidence score: High",Dame Amanda Blanc.,True,False
UGI Corporation,John L. Walsh Jr.,"The current CEO of UGI Corporation is Robert C. Flexon, who took office on November 1, 2024.

**Answer:** Robert Flexon  
Confidence: High",Robert Flexon,True,True
Amazon,Andy Jassy,"Andy Jassy is the current CEO of Amazon, having taken over on July 5, 2021.

Answer: Andy Jassy  
Confidence score: High",Andy Jassy,True,False
eBay,Jamie Iannone,"Jamie Iannone is the current CEO of eBay, having held the position since April 27, 2020.

The confidence score for this answer is **high**, as multiple up-to-date sources confirm his role.",Jamie Iannone,True,False
U.S. Steel,Mario Longhi,"The current CEO of U.S. Steel is David B. Burritt.

Answer: David B. Burritt  
Confidence: High",David B. Burritt,True,True
BHP Group,Mike Henry,"The current CEO of BHP Group is **Mike Henry**.

**Answer:**  
Mike Henry  

**Confidence Score:** High",Mike Henry,True,False
Indofood Agri Resources Limited,Mark Julian Wakeford,"The current CEO of Indofood Agri Resources Limited is Mark Julian Wakeford.

**Answer:** Mark Julian Wakeford  
Confidence Score: High",Mark Julian Wakeford,True,False
Yara International,Svein Tore Holsether,"Svein Tore Holsether is the current CEO of Yara International.

The answer is: **Svein Tore Holsether**  
Confidence score: high",Svein Tore Holsether,True,False
Equinor ASA,Anders Opedal,"Anders Opedal is the current CEO of Equinor ASA. 

Answer: Anders Opedal  
Confidence Score: High",Anders Opedal,True,False
Wavestone,Pascal Imbert,"The current CEO of Wavestone is Pascal Imbert.

Answer: Pascal Imbert  
Confidence: High",Pascal Imbert,True,False
"ZoomInfo Technologies, Inc.",Yonatan Stern,"Henry Schuck is the current CEO of ZoomInfo Technologies, Inc. 

Confidence score: high",Henry Schuck,True,True
Libra Insurance Company Ltd,Q107100317,"Etti Elishkov is the current CEO of Libra Insurance Company Ltd.

Answer: Etti Elishkov  
Confidence Score: High",Etti Elishkov,True,True
Sanjen Jalavidhyut Company Limited,Kiran Kumar Shrestha,"The current CEO of Sanjen Jalavidhyut Company Limited is **Sunil Kumar Dhungel**.

Answer: Sunil Kumar Dhungel  
Confidence Score: medium",Sunil Kumar Dhungel,False,True
Corteva,Chuck Magro,"Chuck Magro is the current CEO of Corteva.

Answer: Chuck Magro  
Confidence: High",Chuck Magro,True,False
Rolls-Royce,Tufan Erginbilgiç,"The current CEO of Rolls-Royce is **Tufan Erginbilgic**.

Confidence score: High",Tufan Erginbilgic,True,False
METRO Group,Steffen Greubel,"Richard Parker is identified as the CEO of Metro Group by multiple sources.

Answer: Richard Parker  
Confidence: High",Richard Parker,False,False
Qantas,Vanessa Hudson,"Vanessa Hudson

The search results consistently and repeatedly identify Vanessa Hudson as the current CEO of Qantas, with multiple sources confirming her appointment and ongoing role since September 2023.

high",Vanessa Hudson,True,False
Norsk Hydro,Eivind Kallevik,"The current CEO of Norsk Hydro is Eivind Kallevik. He was appointed in March 2024 and assumed the role in May 2024.

Answer: Eivind Kallevik  
Confidence: High",Eivind Kallevik,True,False
AbbVie,Robert A. Michael,"The current CEO of AbbVie is **Robert A. Michael**.

Answer: Robert A. Michael  
Confidence: High",Robert A. Michael,True,False
SYENSQO,Ilham Kadri,"Ilham Kadri is the current CEO of SYENSQO.

Answer: Ilham Kadri  
Confidence Score: High",Ilham Kadri,True,False
Agilent Technologies,Padraig McDonnell,"The current CEO of Agilent Technologies is Padraig McDonnell.

confidence score: high",Padraig McDonnell.,True,False
LISI,Emmanuel Viellard,"The current CEO of LISI is Emmanuel Viellard.

**Answer:** Emmanuel Viellard  
**Confidence Score:** High",Emmanuel Viellard,True,False
Central Japan Railway Company,Shunsuke Niwa,"Shunsuke Niwa is the current CEO (President) of Central Japan Railway Company.

Answer: Shunsuke Niwa  
Confidence: High",Shunsuke Niwa,True,False
Hemnet,Cecilia Beck-Friis,"The current CEO of Hemnet is Jonas Gustafsson.

Answer: Jonas Gustafsson  
Confidence: High",Jonas Gustafsson,True,True
Acciona Energía,Rafael Mateo Alcalá,"Arantza Ezpeleta is the current CEO of Acciona Energía, effective from the company's next General Shareholders' Meeting in March 2025. 

Confidence score: High",Arantza Ezpeleta,False,False
Merlin Properties,Ismael Clemente,"The current CEO of Merlin Properties is Ismael Clemente Orrego.

Ismael Clemente  
**Confidence Score: High**",Ismael Clemente Orrego.,True,True
Borregaard,Arne Meidell,"Per A. Sørlie is the current CEO of Borregaard.

**Answer:** Per A. Sørlie  
**Confidence Score:** High",Per A. Sørlie,True,True
Michelin,Yves Chapot,"The current global CEO of Michelin isn't specified in the search results provided; however, Matthew Cabe is the CEO of Michelin North America as of October 1, 2024.

Answer: Matthew Cabe  
Confidence: Medium",Matthew Cabe,False,True
Telenor,Benedicte Schilbred Fasmer,"Benedicte Schilbred Fasmer is the current CEO of Telenor. 

Confidence score: High",Benedicte Schilbred Fasmer,True,False
STMicroelectronics,Jean-Marc Chéry,"Jean-Marc Chéry is the current CEO of STMicroelectronics.  
Confidence: Medium",Jean-Marc Chéry,True,False
Euronext,Stéphane Boujnah,"The current CEO of Euronext is Stéphane Boujnah.

**Answer:** Stéphane Boujnah  
**Confidence Score:** High",Stéphane Boujnah,True,False
Komerční banka,Jan Juchelka,"Jan Juchelka is the current CEO of Komerční banka.

**Answer:**  
Jan Juchelka  
Confidence: High",Jan Juchelka,True,False
Hardwario,Alan Fabik,"Pavel Hübner is the current CEO of Hardwario.  
Confidence score: High",Pavel Hübner,True,True
Ipsen,David Loew,"David Loew

high",David Loew,True,False
Medtronic plc,Geoffrey S Martha,"The current CEO of Medtronic plc is Geoff Martha. 

Answer: Geoff Martha  
Confidence Score: High",Geoff Martha,True,False
Valeo,Christophe Perillat,"Christophe Périllat is the current CEO of Valeo.  
Confidence: High",Christophe Perillat,True,False
OL Groupe,John Textor,"John Textor is the current CEO of OL Groupe.

The confidence score for this answer is high because multiple reliable sources, including press releases and governance documents, consistently indicate that John Textor has been serving as CEO since May 2023. While one source mentions Laurent Prud'homme as CEO, more recent and frequent information across other sources confirms John Textor's position.

Answer: John Textor  
Confidence score: high",John Textor,True,False
OVHcloud,Laurent Allard,"The current CEO of OVHcloud is Benjamin Revcolevschi.

Answer: Benjamin Revcolevschi  
Confidence: High",Benjamin Revcolevschi,True,True
Orange,Christel Heydemann,"The current CEO of Orange is Christel Heydemann.

Answer: Christel Heydemann  
Confidence Score: High",Christel Heydemann,True,False
Airbus SE,Guillaume Faury,"Guillaume Faury is the current CEO of Airbus SE. 

Answer: Guillaume Faury  
Confidence score: High",Guillaume Faury,True,False
Sofina,Harold Boël,"The current CEO of Sofina s.a. is Harold Boël, whereas Ash Amirahmadi leads Sofina Foods Europe as its CEO since August 8, 2023.

Answer: Harold Boël
Confidence score: high",Harold Boël,True,False
Ramsay Santé,Pascal Roché,"Pascal Roché  
Confidence: High",Pascal Roché,True,False
Morgan Stanley,Ted Pick,"The current CEO of Morgan Stanley is Ted Pick.

**Answer:**  
Ted Pick

**Confidence Score:** High",Ted Pick,True,False
L'Oréal,Nicolas Hieronimus,"Nicolas Hieronimus

The answer label is: Nicolas Hieronimus  
Confidence score: high",Nicolas Hieronimus,True,False
Smartfren,Merza Fachys,"Andrijanto Muljono is the current CEO of Smartfren.

Answer: Andrijanto Muljono  
Confidence Score: High",Andrijanto Muljono,True,True
International Distributions Services,Martin Seidenberg,"Martin Seidenberg is the current CEO of International Distributions Services.

Answer: Martin Seidenberg  
Confidence Score: High",Martin Seidenberg,True,False
Bukalapak,Willix Halim,"The current CEO of Bukalapak is Willix Halim.

**Answer:** Willix Halim  
Confidence: High",Willix Halim,True,False
Believe,Denis Ladegaillerie,"The current CEO of Believe is Denis Ladegaillerie.

Answer: Denis Ladegaillerie  
Confidence: High",Denis Ladegaillerie,True,False
AXIS Capital,Vincent Tizzio,"Vincent C. Tizzio is the current CEO of AXIS Capital.

Answer: Vincent C. Tizzio  
Confidence: High",Vincent C. Tizzio,True,False
East Japan Railway Company,Yōichi Kise,"Yoichi Kise is the current CEO of East Japan Railway Company.

Answer: Yoichi Kise  
Confidence: High",Yoichi Kise,True,False
SMCP Group,Isabelle Guichot,"The current CEO of SMCP Group is Isabelle Guichot. 

Confidence score: High",Isabelle Guichot.,True,False
Schneider Electric,Peter Herweck,"Olivier Blum is the current CEO of Schneider Electric, effective November 4, 2024.

Answer: Olivier Blum  
Confidence Score: High",Olivier Blum,True,True
Japan Airlines,Mitsuko Tottori,"Mitsuko Tottori is the current CEO of Japan Airlines.

Answer label: Mitsuko Tottori  
Confidence score: High",Mitsuko Tottori,True,False
Saint-Gobain,Benoit Bazin,"Benoit Bazin is the current CEO of Saint-Gobain.

The answer label is: Benoit Bazin  
Confidence score: High",Benoit Bazin,True,False
EL AL Israel Airlines Ltd.,Dina Ben-Tal-Genensia,"Dina Ben Tal Ganancia is the current CEO of EL AL Israel Airlines Ltd.

**Answer:** Dina Ben Tal Ganancia  
**Confidence Score:** High",Dina Ben Tal Ganancia,True,True
Wolfspeed,Gregg Lowe,"Robert Feurle is the current CEO of Wolfspeed.  
Confidence: High",Robert Feurle,True,True
"Twitter, Inc.",Parag Agrawal,"The current CEO of Twitter, Inc. is Linda Yaccarino.  
Confidence: High",Linda Yaccarino.,True,True
BlueScope Steel,Mark Royce Vassella,"The current CEO of BlueScope Steel is Mark Vassella.

**Answer:** Mark Vassella  
**Confidence Score:** High",Mark Vassella,True,False
Shell,Wael Sawan,"The current CEO of Shell is **Wael Sawan**.  
Confidence score: High",Wael Sawan,True,False
Koninklijke Philips NV,Roy Jakobs,"The current CEO of Koninklijke Philips NV is Roy Jakobs.

Answer: Roy Jakobs  
Confidence Score: High",Roy Jakobs,True,False
Teva- Pharmaceutical Industries Ltd.,Richard Francis,"Richard Francis is the current CEO of Teva Pharmaceutical Industries Ltd., as confirmed by multiple recent sources up to January 29, 2025.

Answer: Richard Francis  
Confidence Score: High",Richard Francis,True,False
Generali Česká pojišťovna,Marek Jankovič,Roman Juráš,Roman Juráš,True,True
Tower Semiconductor Ltd.,George Morgenstern,"Russell C. Ellwanger is the current CEO of Tower Semiconductor Ltd., confirmed by multiple sources including Wikipedia and company executive listings.

Answer: Russell C. Ellwanger  
Confidence Score: High",Russell C. Ellwanger,True,True
TotalEnergies,Marcel Champin,"Patrick Pouyanné is the current CEO of TotalEnergies.

Answer: Patrick Pouyanné  
Confidence Score: High",Patrick Pouyanné,True,True
Commerzbank AG,Manfred Knof,"The current CEO of Commerzbank AG is Dr. Bettina Orlopp. She took over after Manfred Knof's departure.

Answer: Dr. Bettina Orlopp  
Confidence: High",Dr. Bettina Orlopp,True,True
Kyushu Railway Company,Yōji Furumiya,"The current CEO of Kyushu Railway Company is Yoji Furumiya.

Answer: Yoji Furumiya  
Confidence score: High",Yoji Furumiya,True,False
Atea,Kathrine Forsberg,"Steinar Sønsteby is the current CEO of Atea.  
 Confidence: High",Steinar Sønsteby,True,True
NKT Holding,Alexander Kara,"The current CEO of NKT Holding is **Claes Westerlind**.  
Confidence: High",Claes Westerlind,True,True
Sansteel Minguang,Fang Ying Lu,"The current CEO of Sansteel Minguang is **Mei Xuan Liu**.

Answer: Mei Xuan Liu  
Confidence: High",Mei Xuan Liu,True,True
Ormat Technologies,Lucien Y. Bronicki,"The current CEO of Ormat Technologies is Doron Blachar.

**Answer:** Doron Blachar  
**Confidence Score:** High",Doron Blachar,True,True
Unilever,Hein Schumacher,"The current CEO of Unilever is Fernando Fernandez.  
Confidence score: High",Fernando Fernandez.,True,True
Unity Technologies,Matthew Bromberg,"Matthew Bromberg is the current CEO of Unity Technologies.  
Confidence: High",Matthew Bromberg,True,False
Gen Digital,Vincent Pilette,"Vincent Pilette is the current CEO of Gen Digital.

**Answer:** Vincent Pilette  
**Confidence Score:** High",Vincent Pilette,True,False
WiseTech Global Limited,Richard White,"The current acting CEO of WiseTech Global Limited is Andrew Cartledge.

Answer: Andrew Cartledge  
Confidence score: medium",Andrew Cartledge,True,True
Visa Inc.,Ryan McInerney,"Ryan McInerney is the current CEO of Visa Inc.

Answer: Ryan McInerney  
Confidence Score: High",Ryan McInerney,True,False
Costco,Ron Vachris,"Ron Vachris is the current CEO of Costco.  
Confidence: High",Ron Vachris,True,False
Air Liquide,Jean Delorme,"The current CEO of Air Liquide is François Jackow.

confidence score: high",François Jackow.,True,True
EDF Renewables,Béatrice Buffon,"The current CEO of EDF Renewables is **Béatrice Buffon**.

Answer label: Béatrice Buffon  
Confidence score: High",Béatrice Buffon,True,False
Amcor,Ron Delia,"Peter Konieczny is the current CEO of Amcor.  
Confidence: High",Peter Konieczny,True,True
Orlen,Ireneusz Fąfara,"The current CEO of Orlen is Ireneusz Fąfara.

**Answer:** Ireneusz Fąfara  
**Confidence Score:** High",Ireneusz Fąfara,True,False
Australian Securities Exchange,Helen Lofthouse,"Helen Lofthouse is the current CEO of the Australian Securities Exchange.

The answer label is: **Helen Lofthouse**

Confidence score: **High**",Helen Lofthouse,True,False
Sopra Steria,Cyril Malargé,"The current CEO of Sopra Steria is Cyril Malargé.

Answer: Cyril Malargé  
Confidence: High",Cyril Malargé,True,False
CoStar Group,Andy Florance,"The current CEO of CoStar Group is Andy Florance.

Answer: Andy Florance  
Confidence: High",Andy Florance,True,False
Vend,Christian Printzell Halvorsen,"The current CEO of Vend is Vaughan Rowsell.  
Confidence: High",Vaughan Rowsell.,False,True
Qemetica,Dariusz Krawczyk,"The current CEO of Qemetica is **Kamil Majczak**.

Answer label: Kamil Majczak  
Confidence score: High",Kamil Majczak,True,True
AXA,Thomas Buberl,"The current CEO of AXA is **Thomas Buberl**.

Answer: Thomas Buberl  
Confidence Score: High",Thomas Buberl,True,False
Kongsberg Gruppen,Rolf Qvenild,"The current CEO of Kongsberg Gruppen is Geir Håøy.

Answer: Geir Håøy  
Confidence Score: High",Geir Håøy,True,True
Endesa,José Damián Bogas Gálvez,"The current CEO of Endesa is José D. Bogas Gálvez.

**Answer:** José D. Bogas Gálvez  
**Confidence Score:** High",José D. Bogas Gálvez,True,False
Ferrovial,Ignacio Madridejos,"Ignacio Madridejos  
Confidence: High",Ignacio Madridejos,True,False
Solaria Energía y Medio Ambiente,Arturo Díaz-Tejeiro Larrañaga,"The current CEO of Solaria Energía y Medio Ambiente is José Arturo Díaz-Tejeiro Larranaga.

Answer: José Arturo Díaz-Tejeiro Larranaga  
Confidence Score: High",José Arturo Díaz-Tejeiro Larranaga,True,False
Fluidra,Jaime Ramírez,"Jaime Ramirez is the current CEO of Fluidra.  
Confidence: High",Jaime Ramirez,True,False
Rovi,Juan López-Belmonte Encina,"Juan López-Belmonte Encina

high",Juan López-Belmonte Encina,True,False
Boeing,Q128210216,"The current CEO of Boeing is Robert 'Kelly' Ortberg. He took over on August 8, 2024.

**Answer:** Robert 'Kelly' Ortberg  
Confidence: High",Robert 'Kelly' Ortberg,True,True
Amadeus IT Group,José Antonio Tazón,"The current CEO of Amadeus IT Group is **Luis Maroto**.

Answer label: Luis Maroto  
Confidence score: High",Luis Maroto,True,True
Tessellis,Davide Rota,"Davide Rota is the current CEO of Tessellis based on consistent information from multiple sources.

Answer: Davide Rota  
Confidence Score: High",Davide Rota,True,False
Banca Transilvania,Ömer Tetik,Ömer Tetik,Ömer Tetik,True,False
Miniso,Ye Guofu,"Ye Guofu is the current CEO of Miniso.

Answer: Ye Guofu  
Confidence: High",Ye Guofu,True,False
Deutsche Post AG,Tobias Meyer,"Dr. Tobias Meyer is the current CEO of Deutsche Post AG, having taken over in May 2023. 

The confidence score is high due to consistent information across multiple sources confirming his appointment and ongoing role as of 2025.

Answer: Dr. Tobias Meyer  
Confidence Score: High",Dr. Tobias Meyer,True,False
Intel,Michelle Johnston Holthaus,"The current CEO of Intel is Lip-Bu Tan.  
Confidence score: High",Lip-Bu Tan.,True,True
Commonwealth Bank,Donald Neil Sanders,"The current CEO of Commonwealth Bank is Matt Comyn.

**Answer:** Matt Comyn  
**Confidence Score:** High",Matt Comyn,True,True
