companyLabel,ceoLabel,confidence,answer,eval,reference
Nvidia,Jensen Huang,high,Jensen Huang,True,([reuters.com](https://www.reuters.com/world/china/nvidia-ceo-jensen-huang-arrived-beijing-thursday-chinese-state-media-reports-2025-04-17/?utm_source=openai))
BNP Paribas,Jean-Laurent Bonnafé,High,Jean-Laurent Bonnafé,True,([group.bnpparibas](https://group.bnpparibas/en/group/our-governance/general-management-and-the-executive-committee/jean-laurent-bonnafe?utm_source=openai))
"Block, Inc.",Jack Dorsey,High,Jack Dorsey,True,([kalingatv.com](https://kalingatv.com/technology/jack-dorsey-appointed-blocks-head-and-chairperson/?utm_source=openai))
Reliance Industries Limited,Mukesh Ambani,high,Mukesh Dhirubhai Ambani,True,([ril.com](https://www.ril.com/ar2023-24/chairman-and-managing-directors-statement.html?utm_source=openai))
Frasers Group,Mike Ashley,high,Michael Murray,True,([marketscreener.com](https://www.marketscreener.com/quote/stock/FRASERS-GROUP-PLC-111314028/company-governance/?utm_source=openai))
Lazard,Peter R. Orszag,high,Peter R. Orszag,True,([lazard.com](https://www.lazard.com/news-announcements/lazard-appoints-peter-r-orszag-as-ceo-and-kenneth-m-jacobs-as-executive-chairman?utm_source=openai))
Rosneft,Igor Sechin,high,Igor Sechin,True,([reuters.com](https://www.reuters.com/markets/commodities/putins-ally-sechin-stay-rosnefts-head-five-more-years-2024-12-27/?utm_source=openai))
Lenovo,Yang Yuanqing,high,Yuanqing Yang,True,([fortune.com](https://fortune.com/ceoi/yuanqing-yang?utm_source=openai))
Capgemini,Paul Hermelin,high,Aiman Ezzat,True,([reports.capgemini.com](https://reports.capgemini.com/2023/en/doc/article/12/?utm_source=openai))
GlobalFoundries,Sanjay Jha,high,Tim Breen,True,([reuters.com](https://www.reuters.com/technology/globalfoundries-appoints-tim-breen-ceo-2025-02-05/?utm_source=openai))
Hewlett-Packard,Meg Whitman,high,Enrique Lores,True,([hp.com](https://www.hp.com/us-en/hp-information/executive-team/team.html?pStoreID=hpepp&utm_source=openai))
Apple,Steve Jobs,high,Tim Cook,True,([observer.com](https://observer.com/2023/11/apple-tim-cook-succession-plan/?utm_source=openai))
LVMH,Bernard Arnault,high,Bernard Arnault,True,([reuters.com](https://www.reuters.com/breakingviews/lvmhs-opaque-succession-merits-investor-discount-2025-04-15/?utm_source=openai))
21st Century Fox,James Murdoch,high,James Murdoch,False,([cnas.org](https://www.cnas.org/press/press-release/james-murdoch-ceo-of-21st-century-fox-joins-cnas-board-of-directors?utm_source=openai))
Sears,Eddie Lampert,high,Eddie Lampert,False,([moneyinc.com](https://moneyinc.com/sears-ceo-eddie-lampert/?utm_source=openai))
América Móvil,Daniel Hajj Aboumrad,high,Daniel Hajj Aboumrad,True,([hk.marketscreener.com](https://hk.marketscreener.com/quote/stock/AMERICA-M-VIL-S-A-B-DE-C--6492980/company-governance/?utm_source=openai))
Meta Platforms,Mark Zuckerberg,high,Mark Zuckerberg,True,([apnews.com](https://apnews.com/article/f71ffa7275e73ebaf3b19e404abf6970?utm_source=openai))
Harley-Davidson,Jochen Zeitz,High,Jochen Zeitz,True,([leadersmag.com](https://www.leadersmag.com/issues/2024.2_Apr/RES/LEADERS_Jochen_Zeitz_Harley-Davidson.html?utm_source=openai))
Wolters Kluwer,Nancy McKinstry,high,Nancy McKinstry,True,([wolterskluwer.com](https://www.wolterskluwer.com/en/experts/nancy-mckinstry?utm_source=openai))
Nestlé,Ulf Mark Schneider,high,Laurent Freixe,True,([foodbusinessnews.net](https://www.foodbusinessnews.net/articles/26665-nestle-taps-laurent-freixe-as-new-ceo?utm_source=openai))
Française des jeux,Stéphane Pallez,high,Stéphane Pallez,True,([yogonet.com](https://www.yogonet.com/international/news/2024/04/30/71959-fdj-shareholders-reappoint-stephane-pallez-as-chairwoman-and-ceo?utm_source=openai))
Icl Group Ltd,Stefan Borgas,high,Elad Aharonson,True,https://en.wikipedia.org/wiki/ICL_Group_Ltd.
Asseco Poland,Adam Góral,high,Adam Góral,True,([inwestor.asseco.com](https://inwestor.asseco.com/en/about-asseco/press-releases/adam-goral-one-of-the-most-competent-managers-on-the-wse-5199/?utm_source=openai))
Naturgy,Francisco Reynés,high,Francisco Reynés Massanet,True,([naturgy.com](https://www.naturgy.com/en/shareholders-and-investors/corporate-governance/francisco-reynes-massanet/?utm_source=openai))
Wells Fargo,Charlie Scharf,high,Charles W. Scharf,True,https://www-static.wellsfargo.com/about/corporate/governance/scharf/
Mitsubishi UFJ Financial Group,Nobuyuki Hirano,high,Hironori Kamezawa,True,([candorium.com](https://candorium.com/people/10024448-hironori-kamezawa?utm_source=openai))
AMD,Lisa Su,high,Lisa Su,True,([en.wikipedia.org](https://en.wikipedia.org/wiki/List_of_chief_executive_officers?utm_source=openai))
Korean Air,Cho Won-tae,high,Walter Cho,True,([en.wikipedia.org](https://en.wikipedia.org/wiki/Korean_Air?utm_source=openai))
Nidec,Shigenobu Nagamori,high,Mitsuya Kishida,True,([auto.economictimes.indiatimes.com](https://auto.economictimes.indiatimes.com/news/auto-components/japans-nidec-picks-chief-of-automotive-motor-unit-as-new-ceo/107718315?utm_source=openai))
Thales Group,Patrice Caine,High,Patrice Caine,True,([simplywall.st](https://simplywall.st/stocks/gb/capital-goods/lse-0iw5/thales-shares/management?utm_source=openai))
Suzuki Corporate,Suzuki Osamu,high,Toshihiro Suzuki,True,([globalsuzuki.com](https://www.globalsuzuki.com/globalnews/2023/0207b.html?utm_source=openai))
Mercedes-Benz Group,Robert James Eaton,high,Ola Källenius,True,([group.mercedes-benz.com](https://group.mercedes-benz.com/company/corporate-governance/board-of-management//?utm_source=openai))
American International Group,Peter Zaffino,high,Peter Zaffino,True,([ca.finance.yahoo.com](https://ca.finance.yahoo.com/quote/AIG/profile/?utm_source=openai))
TX Group,Pietro Supino,high,Pietro Supino,True,([bloomberg.com](https://www.bloomberg.com/profile/person/6658470?utm_source=openai))
Honda,Takahiro Hachigō,high,Toshihiro Mibe,True,([europe.autonews.com](https://europe.autonews.com/automakers/honda-ceo-toshihiro-mibe-outlines-multi-step-plan-jump-ahead-evs?utm_source=openai))
Vodafone,Nick Read,high,Margherita Della Valle,True,([forbes.com](https://www.forbes.com/profile/margherita-della-valle/?utm_source=openai))
Zurich Insurance Group,Mario Greco,High,Mario Greco,True,([zurich.com](https://www.zurich.com/media/news-releases/2024/2024-0124-01?utm_source=openai))
PostNL,Herna Verhagen,high,Pim Berendsen,True,([reuters.com](https://www.reuters.com/business/postnls-ceo-step-down-april-2025-2024-11-04/?utm_source=openai))
BMW,Oliver Zipse,High,Oliver Zipse,True,([motor1.com](https://www.motor1.com/news/688942/oliver-zipse-remains-bmw-boss-2026/?utm_source=openai))
QBE Insurance,John Neal,high,Andrew Horton,True,([qbe.com](https://www.qbe.com/about-qbe/group-executive-committee?utm_source=openai))
CoreCivic,Damon T. Hininger,high,Damon T. Hininger,True,([corecivic.com](https://www.corecivic.com/news/ceo-column-celebrating-another-year-and-looking-ahead?utm_source=openai))
Finnair,Pekka Vauramo,high,Turkka Kuusisto,True,([marketscreener.com](https://www.marketscreener.com/quote/stock/FINNAIR-OYJ-1412456/news/Finnair-picks-Turkka-Kuusisto-as-new-CEO-45719569/?utm_source=openai))
SalMar,Gustav Witzøe,High,Frode Arntsen,False,([seekingalpha.com](https://seekingalpha.com/article/4670856-salmar-asa-salrf-q4-2023-earnings-call-transcript?utm_source=openai))
Odakyu Electric Railway,Kōji Hoshino,high,Koji Hoshino,False,([financecharts.com](https://www.financecharts.com/stocks/ODERF/officers?utm_source=openai))
Elzab,Krzysztof Urbanowicz,high,Bartosz Panek,True,([simplywall.st](https://simplywall.st/stocks/pl/tech/wse-elz/zaklady-urzadzen-komputerowych-elzab-shares/management?utm_source=openai))
Kesko,Mikko Helander,high,Jorma Rauhala,True,([kesko.fi](https://www.kesko.fi/en/media/news-and-releases/news/2023/insider-information-jorma-rauhala-appointed-as-managing-director-of-kesko-corporation-and-president-and-ceo-of-kesko-gr/?utm_source=openai))
Israel Railways,Moshe Zana,high,Moshe Jana,True,([de.wikipedia.org](https://de.wikipedia.org/wiki/Moshe_Jana?utm_source=openai))
Dassault Systèmes,Bernard Charlès,high,Pascal Daloz,True,([marketscreener.com](https://www.marketscreener.com/quote/stock/DASSAULT-SYSTEMES-SE-4635/news/Dassault-Systemes-Announces-CEO-Changes-Effective-January-1-2024-44079599/?utm_source=openai))
Cloudflare,Matthew Prince,High,Matthew Prince,True,([fortune.com](https://fortune.com/2023/12/12/cloudflare-ceo-matthew-prince-companies-lighting-money-fire-with-ai/?ref=upstract.com&utm_source=openai))
Pivovary Lobkowicz Group,Jaroslav Tvrdík,high,Jaroslav Tvrdík,True,([marketscreener.com](https://www.marketscreener.com/insider/JAROSLAV-TVRDIK-A1XSS9/?utm_source=openai))
Deutsche Bank,Christian Sewing,High,Christian Sewing,True,([en.wikipedia.org](https://en.wikipedia.org/wiki/Christian_Sewing?utm_source=openai))
Wilh. Wilhelmsen,Thomas Wilhelmsen,high,Thomas Wilhelmsen,True,([wilhelmsenstage.wilhelmsen.com](https://wilhelmsenstage.wilhelmsen.com/about-wilhelmsen/governing-elements/board-and-management/group-management-team/thomas-wilhelmsen/?utm_source=openai))
Stellantis,Carlos Tavares,high,John Elkann,True,([reuters.com](https://www.reuters.com/business/autos-transportation/stellantis-closing-new-ceo-with-shortlist-five-candidates-sources-say-2025-04-15/?utm_source=openai))
Delta-galil Industries Ltd.,Isaac Dabah,high,Isaac Dabah,True,([deltagalil.com](https://deltagalil.com/company/executive-management/default.aspx?utm_source=openai))
BioNTech,Uğur Şahin,high,Uğur Şahin,True,([investorday.biontech.com](https://investorday.biontech.com/speakers?utm_source=openai))
ZipRecruiter,Ian Siegel,high,Ian Siegel,True,([dhrmap.com](https://www.dhrmap.com/news/ziprecruiter-announces-fourth-quarter-and-full-year-2023-results?utm_source=openai))
Renault,Luca de Meo,High,Luca de Meo,True,([renaultgroup.com](https://www.renaultgroup.com/en/magazine/our-group-news/luca-de-meo-named-group-ceo-2023-by-automotive-news?utm_source=openai))
Poste Italiane,Matteo Del Fante,high,Matteo Del Fante,True,([posteitaliane.it](https://www.posteitaliane.it/en/press-releases/posteitalianethe-1476585574877.html?utm_source=openai))
Eurocash,Luis Conceicao Do Amaral,high,Paweł Surówka,True,([grupaeurocash.pl](https://www.grupaeurocash.pl/en/about-us/management?utm_source=openai))
Carrefour Group,Alexandre Bompard,High,Alexandre Bompard,True,([en.wikipedia.org](https://en.wikipedia.org/wiki/Alexandre_Bompard?utm_source=openai))
Cisco,John Morgridge,High,Chuck Robbins,True,([businessroundtable.org](https://www.businessroundtable.org/cisco-chair-and-ceo-chuck-robbins-named-chair-of-business-roundtable?utm_source=openai))
Electrolux,Jonas Samuelson,high,Yannick Fierling,True,([reuters.com](https://www.reuters.com/business/retail-consumer/electrolux-appoints-yannick-fierling-new-ceo-2024-08-14/?utm_source=openai))
Tencent,Ma Huateng,high,Ma Huateng,True,([tencent.net.cn](https://www.tencent.net.cn/who-we-are/our-team/?utm_source=openai))
Macquarie Group,Shemara Wikramanayake,high,Shemara Wikramanayake,True,([forbes.com](https://www.forbes.com/profile/shemara-wikramanayake/?sh=74dc8c1f17e3&utm_source=openai))
Ping An Insurance,Ma Mingzhe,high,Yonglin Xie,True,([simplywall.st](https://simplywall.st/stocks/hk/insurance/hkg-2318/ping-an-insurance-group-company-of-china-shares/management?utm_source=openai))
Moneta Money Bank,Tomáš Spurný,high,Tomas Spurný,True,([simplywall.st](https://simplywall.st/stocks/cz/banks/sep-monet/moneta-money-bank-shares/management?utm_source=openai))
Bell Resources,Mark Avery,high,Mark Avery,True,([bellresources.com](https://bellresources.com/about-bell-resources/board-of-directors/mark-avery/?utm_source=openai))
Yandex,Arkady Volozh,high,Artyom Savinovsky,True,https://en.wikipedia.org/wiki/Yandex
AB Volvo,Hamza Moualdi,High,Martin Lundstedt,True,([en.wikipedia.org](https://en.wikipedia.org/wiki/Martin_Lundstedt?utm_source=openai))
H&M,Karl-Johan Persson,high,Daniel Ervér,True,([insideretail.us](https://insideretail.us/hm-names-daniel-erver-as-its-new-president-and-ceo/?utm_source=openai))
ČEZ,Daniel Beneš,high,Daniel Beneš,True,([letslearnczech.co.uk](https://www.letslearnczech.co.uk/news/daniel-benes-to-lead-cez-until-2029?utm_source=openai))
Leonardo,Roberto Cingolani,high,Roberto Cingolani,True,([en.wikipedia.org](https://en.wikipedia.org/wiki/Roberto_Cingolani?utm_source=openai))
VK,Boris Dobrodeyev,high,Vladimir Sergeevich Kiriyenko,True,([theorg.com](https://theorg.com/org/vk/org-chart/vladimir-kirienko?utm_source=openai))
freelancer.com,Matt Barrie,high,Matt Barrie,True,([freelancer.com](https://www.freelancer.com/about/management?w=f&utm_source=openai))
Songa Offshore SE,Bjørnar Iversen,high,Bjørnar Iversen,True,([offshoresource.com](https://www.offshoresource.com/news/company-updates/songa-offshore-se-bjornar-iversen-new-ceo?utm_source=openai))
Standard Chartered,Bill Winters,High,Bill Winters,True,([en.wikipedia.org](https://en.wikipedia.org/wiki/Bill_Winters?utm_source=openai))
Saudi Aramco,Amin H. Al-Nasser,high,Amin H. Nasser,True,([en.wikipedia.org](https://en.wikipedia.org/wiki/Amin_H._Nasser?utm_source=openai))
Telstra,Andy Penn,High,Vicki Brady,True,([gsma.com](https://www.gsma.com/about-us/gsma_people/vicki-brady/?utm_source=openai))
LPP,Marek Piechocki,high,Marek Piechocki,True,([lpp.com](https://www.lpp.com/en/investor-relations/corporate-governance/management-board/?utm_source=openai))
Porsche,Heinz Branitzki,high,Oliver Blume,True,([investorrelations.porsche.com](https://investorrelations.porsche.com/en/corporate-governance?utm_source=openai))
DuPont,Edward D. Breen,High,Lori D. Koch,True,([adhesivesmag.com](https://www.adhesivesmag.com/articles/101059-dupont-announces-changes-to-leadership-team?utm_source=openai))
Unibail Rodamco Westfield,Jean-Marie Tritant,high,Jean-Marie Tritant,True,([globaldata.com](https://www.globaldata.com/company-profile/unibail-rodamco-westfield-se/executives/?utm_source=openai))
Newag,Zbigniew Konieczek,high,Zbigniew Konieczek,True,([simplywall.st](https://simplywall.st/stocks/de/capital-goods/fra-n0ga/newag-shares/management?utm_source=openai))
G4S,Ashley Almanza,high,Renso Smit,True,https://www.datanyze.com/companies/g4s/29656604
GN Store Nord,Jørgen Lindegaard,high,Peter Karlströmer,True,([in.marketscreener.com](https://in.marketscreener.com/quote/stock/GN-STORE-NORD-A-S-1412917/news/GN-Store-Nord-appoints-Peter-Karlstromer-as-new-CEO-47204440/?utm_source=openai))
Beyond Meat,Ethan Brown,High,Ethan Brown,True,([www1.salary.com](https://www1.salary.com/BEYOND-MEAT-INC-Executive-Salaries.html?utm_source=openai))
Rotem Shani,Q17522859,high,Yehuda Yedidia,False,([marketscreener.com](https://www.marketscreener.com/quote/stock/ROTEM-SHANI-ENTREPRENEURS-120976855/?utm_source=openai))
Heineken,Jean-François van Boxmeer,high,Dolf van den Brink,True,([globenewswire.com](https://www.globenewswire.com/news-release/2023/12/14/2795984/0/en/HEINEKEN-announces-proposed-CEO-reappointment-and-Supervisory-Board-re-appointments.html?utm_source=openai))
JPMorgan Chase,Jamie Dimon,high,Jamie Dimon,True,([en.wikipedia.org](https://en.wikipedia.org/wiki/Jamie_Dimon?utm_source=openai))
Chevron Corporation,Mike Wirth,high,Michael K. Wirth,True,([chevron.com](https://www.chevron.com/who-we-are/leadership/michael-wirth?utm_source=openai))
Snap Inc.,Evan Spiegel,high,Evan Spiegel,True,([investor.snap.com](https://investor.snap.com/governance/leadership-team/default.aspx?utm_source=openai))
Legrand,Benoît Coquart,high,Benoît Coquart,True,([legrandgroup.com](https://www.legrandgroup.com/en/group/management?utm_source=openai))
"Elevance Health, Inc.",Joe Swedish,high,Gail Koziara Boudreaux,True,([en.wikipedia.org](https://en.wikipedia.org/wiki/Gail_Koziara_Boudreaux?utm_source=openai))
Atari SA,Frédéric Chesnais,high,Wade Rosen,True,([simplywall.st](https://simplywall.st/stocks/us/media/otc-pong.f/atari/management?utm_source=openai))
Japan Post Holdings,Masatsugu Nagato,high,Hiroya Masuda,True,([en.wikipedia.org](https://en.wikipedia.org/wiki/Hiroya_Masuda?utm_source=openai))
Telkom Indonesia,Alex Sinaga,high,Ririek Adriansyah,True,([fortune.com](https://fortune.com/company/telkom-indonesia/?utm_source=openai))
Imperial Hotel,Hideya Sadayasu,high,Hideya Sadayasu,False,([imperialhotel.co.jp](https://www.imperialhotel.co.jp/en/company/overview?utm_source=openai))
Spotify Technology,Daniel Ek,high,Daniel Ek,True,([marketscreener.com](https://www.marketscreener.com/quote/stock/SPOTIFY-TECHNOLOGY-SA-55764105/company-governance/?utm_source=openai))
General Motors,Mary Barra,high,Mary Barra,True,([gm.com](https://www.gm.com/company/leadership.detail.html/Pages/bios/global/en/corporate-officers/Mary-Barra/?utm_source=openai))
Western Union,Hikmet Ersek,high,Devin B. McGranahan,True,([globaldata.com](https://www.globaldata.com/company-profile/the-western-union-co/executives/?utm_source=openai))
Polestar,Michael Lohscheller,High,Michael Lohscheller,True,([automotiveworld.com](https://www.automotiveworld.com/news-releases/polestar-announces-leadership-change-michael-lohscheller-appointed-ceo/?utm_source=openai))
TIM Group,Salvatore Rossi,high,Pietro Labriola,True,([gruppotim.it](https://www.gruppotim.it/en/group/about-us/news/Pietro-Labriola-new-CEO-TIM.html?utm_source=openai))
Verizon Communications,Hans Vestberg,high,Hans Vestberg,True,([app.qwoted.com](https://app.qwoted.com/sources/hans-vestberg?utm_source=openai))
Bank of America,Brian Moynihan,high,Brian Moynihan,True,([ceobase.io](https://www.ceobase.io/ceos/brian-t-moynihan?utm_source=openai))
Naftna Industrija Srbije,Kirill Kravchenko,high,Kirill Vladimirovich Tyurdenev,True,([marketscreener.com](https://www.marketscreener.com/quote/stock/NAFTNA-INDUSTRIJA-SRBIJE--10225476/company-governance/?utm_source=openai))
Similarweb,Or Offer,high,Or Offer,True,([similarweb.com](https://www.similarweb.com/corp/leadership/?utm_source=openai))
Nikola Corporation,Trevor Milton,high,Stephen Girsky,True,([markets.businessinsider.com](https://markets.businessinsider.com/news/stocks/nikola-announces-leadership-transition-appoints-stephen-girsky-as-chief-executive-officer-1032517668?utm_source=openai))
Maggie Beer Holdings,Laura McBain,medium,Kinda Grange,False,([foodanddrinkbusiness.com.au](https://www.foodanddrinkbusiness.com.au/news/maggie-beer-holdings-ceo-resigns?utm_source=openai))
Freyr Battery,Jan Arve Haugan,high,Tom Einar Jensen,True,([stocktitan.net](https://www.stocktitan.net/news/FREY/freyr-battery-announces-leadership-changes-to-support-strategic-ffg043achtzn.html?utm_source=openai))
Repsol,Josu Jon Imaz,high,Josu Jon Imaz,True,([repsol.com](https://www.repsol.com/en/about-us/our-team/organizational-chart/josu-jon-imaz/index.cshtml?utm_source=openai))
"GREE, Inc.",Yoshikazu Tanaka,high,Yoshikazu Tanaka,True,([en.wikipedia.org](https://en.wikipedia.org/wiki/Gree_%28Japanese_company%29?utm_source=openai))
Broadcom,Tan Hock Eng,High,Hock Tan,True,([spglobal.com](https://www.spglobal.com/market-intelligence/en/news-insights/articles/2024/8/broadcom-head-ranks-as-highest-paid-s-p-500-ceo-in-2023-82843763?utm_source=openai))
Adobe,John Warnock,high,Shantanu Narayen,True,([hbr.org](https://hbr.org/2023/11/adobes-ceo-on-making-big-bets-on-innovation?utm_source=openai))
Publicis,Maurice Lévy,high,Arthur Sadoun,True,([en.wikipedia.org](https://en.wikipedia.org/wiki/Arthur_Sadoun?utm_source=openai))
Microsoft,Satya Nadella,high,Satya Nadella,True,([cnn.com](https://www.cnn.com/2023/12/26/tech/satya-nadella-ceo-of-the-year/index.html/?utm_source=openai))
ConocoPhillips,Ryan Lance,high,Ryan M. Lance,True,([conocophillips.com](https://www.conocophillips.com/about-us/leadership/ryan-lance/?utm_source=openai))
Kering,François-Henri Pinault,high,François-Henri Pinault,True,([kering.com](https://www.kering.com/en/group/our-governance/francois-henri-pinault/?utm_source=openai))
Homeserve,Richard Harpin,high,Richard Harpin,False,([en.wikipedia.org](https://en.wikipedia.org/wiki/Richard_Harpin?utm_source=openai))
"Netflix, Inc.",Reed Hastings,high,Ted Sarandos,True,([en.wikipedia.org](https://en.wikipedia.org/wiki/Ted_Sarandos?utm_source=openai))
RTL Group,Thomas Rabe,high,Thomas Rabe,True,([annual-report2023.rtl.com](https://www.annual-report2023.rtl.com/reports/rtlgroup/annual/2023/gb/English/700/the_br_management.html?utm_source=openai))
SCOR SE,Denis Kessler,high,Thierry Léger,True,([simplywall.st](https://simplywall.st/stocks/us/insurance/otc-scry.y/scor/management?utm_source=openai))
Sanofi,Paul Hudson,high,Paul Hudson,True,([sanofi.com](https://www.sanofi.com/en/our-company/governance/board-of-directors/paul-hudson?utm_source=openai))
Fjord1,Dagfinn Neteland,high,Dagfinn Neteland,True,([fjord1.no](https://www.fjord1.no/eng/About-Fjord1/Bord-of-directors-and-executive-team?utm_source=openai))
PGE Polska Grupa Energetyczna,Henryk Baranowski,high,Dariusz Marzec,True,([businesschief.com](https://businesschief.com/company/pge-polska-grupa-energetyczna?utm_source=openai))
Canal+,Maxime Saada,High,Maxime Saada,True,([canalplusgroup.com](https://www.canalplusgroup.com/en/governance?utm_source=openai))
Electronic Arts,Andrew Wilson,high,Andrew Wilson,True,([ceobase.io](https://www.ceobase.io/ceos/andrew-wilson?utm_source=openai))
Hang Seng Bank,Rose Lee Wai Mun,high,Diana Ferreira Cesar,True,([cms.hangseng.com](https://cms.hangseng.com/cms/fin/fld/statement/annual-report-2023/senior-management-eng.html?utm_source=openai))
Norwegian Air Shuttle,Geir Karlsen,High,Geir Karlsen,True,([marketscreener.com](https://www.marketscreener.com/quote/stock/NORWEGIAN-AIR-SHUTTLE-ASA-61747343/company-governance/?utm_source=openai))
BlackRock,Larry Fink,high,Laurence D. Fink,True,([ceobase.io](https://www.ceobase.io/ceos/laurence-d-fink?utm_source=openai))
Getlink,Jacques Gounon,high,Yann Leriche,True,([simplywall.st](https://simplywall.st/stocks/at/transportation/vie-get/getlink-shares/management?utm_source=openai))
Tauron Polska Energia,Filip Grzegorczyk,high,Grzegorz Lot,True,([fortune.com](https://fortune.com/company/tauron-polska-energia/?utm_source=openai))
Viaplay Group,Anders Jensen,high,Jørgen Madsen Lindemann,True,([in.marketscreener.com](https://in.marketscreener.com/quote/stock/VIAPLAY-GROUP-AB-56537178/news/Viaplay-Group-downgrades-2023-outlook-and-appoints-new-CEO-44036163/?utm_source=openai))
Vinci,Guy Dejouany,high,Xavier Huillard,True,([en.wikipedia.org](https://en.wikipedia.org/wiki/Xavier_Huillard?utm_source=openai))
Air New Zealand,Christopher Luxon,high,Greg Foran,True,([airnewzealand.com](https://www.airnewzealand.com/executive?utm_source=openai))
Northrop Grumman,Kathy J. Warden,High,Kathy Warden,True,([som.yale.edu](https://som.yale.edu/story/2023/chief-executive-leadership-institute-honors-kathy-warden-northrop-grumman-legend?utm_source=openai))
Polaris Media,Per Axel Koch,High,Per Axel Koch,True,([en.wikipedia.org](https://en.wikipedia.org/wiki/Per_Axel_Koch?utm_source=openai))
Nokia,Björn Westerlund,high,Pekka Lundmark,False,([fortune.com](https://fortune.com/europe/2023/06/09/nokia-ceo-geopolitical-tensions-fragment-world-machines-speak-the-same-language-even-people-dont/?utm_source=openai))
Fortescue Metals Group,Elizabeth Gaines,high,Dino Otranto,True,([in.marketscreener.com](https://in.marketscreener.com/quote/stock/FORTESCUE-METALS-GROUP-LI-10020240/company-governance/?utm_source=openai))
KGHM Polska Miedź,Radosław Domagalski-Łabędzki,High,Tomasz Zdzikot,False,([minexforum.com](https://minexforum.com/2023/08/29/kghm-polska-mied-s-a-has-entered-into-long-term-agreement-with-nkt/?utm_source=openai))
Evry,Per Hove,high,Per Hove,True,([bloomberg.com](https://www.bloomberg.com/profile/person/20331699?utm_source=openai))
GMM Grammy,Boosaba Daorueng,high,Boosaba Daorueng,True,([grammy.listedcompany.com](https://grammy.listedcompany.com/management.html?utm_source=openai))
HP Inc.,Dion Weisler,High,Enrique Lores,True,([en.wikipedia.org](https://en.wikipedia.org/wiki/Enrique_Lores?utm_source=openai))
Storebrand,Odd Arild Grefstad,high,Odd Arild Grefstad,True,([storebrand.com](https://www.storebrand.com/welcome/investor-relations/corporate-governance/executive-management?utm_source=openai))
Caterpillar Inc.,Jim Umpleby,high,Joseph E. Creed,False,([reuters.com](https://www.reuters.com/business/caterpillar-names-insider-joseph-e-creed-ceo-2025-04-15/?utm_source=openai))
Hurtigruten Group,Daniel Skjeldam,high,Daniel Skjeldam,False,([en.wikipedia.org](https://en.wikipedia.org/wiki/Daniel_Skjeldam?utm_source=openai))
Orange Polska,Bruno Duthoit,high,Liudmila Climoc,True,([fxmag.pl](https://www.fxmag.pl/gielda/orangepl-1-wrzesnia-2023r-liudmila-climoc-zastapi-juliena-ducarroz-na-stanowisku-prezesa-zarzadu-orange-polska-julien-ducarroz-obejmie-stanowisko-prezesa-orange-romania-2023-05-23-0953?utm_source=openai))
"UNIMEX GROUP, uzavřený investiční fond",Jiří Šimáně,,,False,
Miss Grand International (company),Nawat Itsaragrisil,high,Nawat Itsaragrisil,True,([congthuong.vn](https://congthuong.vn/chu-tich-miss-grand-international-nawat-itsaragrisil-den-viet-nam-247502.html?utm_source=openai))
Aena,Maurici Lucena Betriu,high,Maurici Lucena Betriu,True,([in.marketscreener.com](https://in.marketscreener.com/quote/stock/AENA-S-M-E-S-A-20954798/company-governance/?utm_source=openai))
Dassault Aviation,Éric Trappier,high,Éric Trappier,True,([ebace.aero](https://ebace.aero/2024/events/speakers/eric-trappier/?utm_source=openai))
O2 Czech Republic,Jindřich Fremuth,high,Jindřich Fremuth,True,([marketscreener.com](https://www.marketscreener.com/quote/stock/O2-CZECH-REPUBLIC-AS-188692/company-governance/?utm_source=openai))
Alphabet Inc.,Sundar Pichai,high,Sundar Pichai,True,([en.wikipedia.org](https://en.wikipedia.org/wiki/Alphabet_Inc.?utm_source=openai))
OHL ŽS,Petr Brzezina,high,Roman Kocúrek,True,([theorg.com](https://theorg.com/org/ohl-zs-a-s/org-chart/roman-kocurek?utm_source=openai))
ADA,Nicolas Rousselet,High,Charles D. Henderson,False,([diabetes.org](https://diabetes.org/newsroom/ada-names-charles-d-henderson-as-new-chief-executive-officer?utm_source=openai))
Ubisoft,Yves Guillemot,High,Yves Guillemot,True,([news.ubisoft.com](https://news.ubisoft.com/en-us/article/1SDhV77ExaJQbbDXFD5PIL/ubisoft-ceo-yves-guillemot-on-a-future-that-has-something-for-everyone?utm_source=openai))
Arkema,Thierry Le Hénaff,High,Thierry Le Hénaff,True,([chemanager-online.com](https://www.chemanager-online.com/en/news/arkema-extend-thierry-le-henaffs-contract-chairman-and-ceo?utm_source=openai))
Fiat Chrysler Automobiles,Michael Manley,high,Carlos Tavares,False,([apnews.com](https://apnews.com/article/6a882961eb47c581e6105d2bc473f57c?utm_source=openai))
Vivendi,Yannick Bolloré,high,Arnaud de Puyfontaine,True,([simplywall.st](https://simplywall.st/stocks/at/media/vie-viv/vivendi-shares/management?utm_source=openai))
Google,Sundar Pichai,high,Sundar Pichai,True,([businessinsider.com](https://www.businessinsider.com/sundar-pichai-google-alphabet-ceo-career-life?utm_source=openai))
Accor,Sébastien Bazin,high,Sébastien Bazin,True,([press.accor.com](https://press.accor.com/update-on-accors-organization/?lang=eng&utm_source=openai))
Air France-KLM,Benjamin Smith,High,Benjamin Smith,True,([investing.com](https://www.investing.com/news/stock-market-news/air-franceklm-renews-ceo-smiths-mandate-and-names-new-klm-boss-2795300?utm_source=openai))
FNC Entertainment,Han Sung-ho,high,Han Seong-ho and Kim Yoo-sik,False,([wowkorea.live](https://www.wowkorea.live/dispatch/8270.html?utm_source=openai))
Luminar Technologies,Austin Russell,high,Austin Russell,True,([simplywall.st](https://simplywall.st/stocks/us/automobiles/nasdaq-lazr/luminar-technologies/management?utm_source=openai))
Groupe SEB,Thierry de La Tour d'Artaise,high,Stanislas de Gramont,True,([globaldata.com](https://www.globaldata.com/Company-Profile/groupe-seb-sa/executives/?utm_source=openai))
Ahold Delhaize,Frans Muller,high,Frans Muller,True,([aholddelhaize.com](https://aholddelhaize.com/about/leadership/frans-muller/?utm_source=openai))
VEON,Kaan Terzioğlu,high,Kaan Terzioglu,True,([veon.com](https://www.veon.com/we-are-veon/leadership/details/kaan-terzioglu?utm_source=openai))
Webuild,Pietro Salini,high,Pietro Salini,True,([webuildgroup.com](https://www.webuildgroup.com/en/media/press-notes/infrastructure-salini-webuild-ceo-long-term-planning-competitive-and-sustainable/?utm_source=openai))
Indra Sistemas,José Vicente de los Mozos,high,José Vicente de los Mozos,True,([theorg.com](https://theorg.com/org/indra-sistemas/org-chart/jose-vicente-de-los-mozos?utm_source=openai))
AnyColor,Riku Tazumi,high,Riku Tazumi,True,([marketscreener.com](https://www.marketscreener.com/quote/stock/ANYCOLOR-INC-156430653/company-governance/?utm_source=openai))
Traton,Christian Levin,high,Christian Levin,True,([traton.com](https://traton.com/en/company/executive-board.html?utm_source=openai))
Nintendo,Tatsumi Kimishima,high,Shuntaro Furukawa,True,([apnews.com](https://apnews.com/article/24082e9f4dec19c4b83b7000feb81f76?utm_source=openai))
Nippon Steel Corporation,Eiji Hashimoto,high,Eiji Hashimoto,True,([simplywall.st](https://simplywall.st/stocks/jp/materials/tse-5401/nippon-steel-shares/management?utm_source=openai))
Meliá Hotels International,Gabriel Escarrer Jaume,High,Gabriel Escarrer Jaume,True,([hospitality-on.com](https://hospitality-on.com/en/nomination/melia-renews-and-strengthens-its-management-team?utm_source=openai))
IBM,Arvind Krishna,high,Arvind Krishna,True,([en.wikipedia.org](https://en.wikipedia.org/wiki/Arvind_Krishna?utm_source=openai))
Royal Unibrew,Henrik Brandt,High,Lars Jensen,True,([royalunibrew.com](https://www.royalunibrew.com/about-us/executive-board/?utm_source=openai))
MicroStrategy,Michael J. Saylor,high,Phong Le,True,([globaldata.com](https://www.globaldata.com/company-profile/microstrategy-inc/executives/?utm_source=openai))
Bank Hapoalim B.M.,Zvi Ziv,high,Yadin Antebi,True,([reuters.com](https://www.reuters.com/markets/israels-bank-hapoalim-names-antebi-new-ceo-2024-06-30/?utm_source=openai))
Emperia Holding,Dariusz Kalinowski,high,Arunas Zimnickas,True,([marketscreener.com](https://www.marketscreener.com/quote/stock/EMPERIA-HOLDING-SA-6496763/company-governance/?utm_source=openai))
Turkish Airlines,Temel Kotil,High,Bilal Ekşi,True,([aviationweek.com](https://aviationweek.com/air-transport/airports-networks/turkish-airlines-ceo-talks-growth?utm_source=openai))
DNB Bank,Kjerstin Braathen,high,Kjerstin Braathen,True,([nz.finance.yahoo.com](https://nz.finance.yahoo.com/quote/DNB.OL/profile/?utm_source=openai))
"Tesla, Inc.",Ze'ev Drori,high,Elon Musk,True,([simplywall.st](https://simplywall.st/stocks/pe/automobiles/bvl-tsla/tesla-shares/management?utm_source=openai))
Bed Bath & Beyond Inc.,Steven H. Temares,high,David Nielsen,True,([retailtouchpoints.com](https://www.retailtouchpoints.com/topics/market-news/bed-bath-beyond-overstock-get-new-ceos?utm_source=openai))
Novo Nordisk,Lars Fruergaard Jørgensen,High,Lars Fruergaard Jørgensen,True,([en.wikipedia.org](https://en.wikipedia.org/wiki/Lars_Fruergaard_J%C3%B8rgensen?utm_source=openai))
Bombardier,Alain Bellemare,high,Éric Martel,True,([bombardier.com](https://bombardier.com/en/about/our-leadership/eric-martel?utm_source=openai))
Woolworths Group,Brad Banducci,high,Amanda Bardwell,True,([afr.com](https://www.afr.com/companies/retail/brad-banducci-quits-woolworths-amid-food-price-acrimony-20240221-p5f6kv?utm_source=openai))
AstraZeneca,Pascal Soriot,High,Pascal Soriot,True,([en.wikipedia.org](https://en.wikipedia.org/wiki/Pascal_Soriot?utm_source=openai))
Reckitt,Laxman Narasimhan,high,Kris Licht,True,([reckitt.com](https://www.reckitt.com/media-landing/press-releases/2023/ceo-transition-announcement/?utm_source=openai))
The Walt Disney Company,Bob Chapek,high,Bob Iger,True,([abcnews.go.com](https://abcnews.go.com/US/bob-iger-remain-ceo-walt-disney-company-through-2026/story?id=101187959&utm_source=openai))
McDonald’s,Michael R. Quinlan,high,Chris Kempczinski,True,([en.wikipedia.org](https://en.wikipedia.org/wiki/Chris_Kempczinski?utm_source=openai))
Zim Integrated Shipping Services Ltd,Eliyahu Glickman,High,Eli Glickman,True,([seekingalpha.com](https://seekingalpha.com/article/4677940-zim-integrated-shipping-services-ltd-zim-q4-2023-earnings-call-transcript?utm_source=openai))
PetroChina Company Limited,Zhou Jiping,high,Wang Dongjin,False,([businesschief.com](https://businesschief.com/company/petrochina?utm_source=openai))
CCC,Dariusz Miłek,high,Githesh Ramamurthy,True,([cccis.com](https://www.cccis.com/about/leadership?utm_source=openai))
RTX,Greg Hayes,high,Christopher T. Calio,True,([rtx.com](https://www.rtx.com/news/news-center/2023/12/14/rtx-names-christopher-t-calio-to-succeed-gregory-j-hayes-as-ceo?utm_source=openai))
Viatris,Scott A. Smith,high,Scott A. Smith,True,([viatris.com](https://www.viatris.com/en/about-us/executive-leadership-team/scott-smith?utm_source=openai))
Pfizer,Albert Bourla,high,Albert Bourla,True,([en.wikipedia.org](https://en.wikipedia.org/wiki/Albert_Bourla?utm_source=openai))
Česká spořitelna,Pavel Kysilka,high,Tomáš Salomon,True,([csas.cz](https://www.csas.cz/en/about-us/our-people?utm_source=openai))
Zealand Pharma,Britt Meelby Jensen,high,Adam Steensberg,True,([ft.com](https://www.ft.com/content/80c5c67e-c55d-4fb1-bfb3-da96644edc82?utm_source=openai))
Hertz Global Holdings,Kathryn V. Marinello,high,Gil West,True,([reuters.com](https://www.reuters.com/business/autos-transportation/hertz-appoints-gil-west-ceo-2024-03-15/?utm_source=openai))
Sony Group,Kenichiro Yoshida,high,Hiroki Totoki,True,([reuters.com](https://www.reuters.com/markets/deals/sony-group-says-president-totoki-add-ceo-role-april-2025-01-29/?utm_source=openai))
Lippo Karawaci,Mochtar Riady,high,John Riady,True,([fortune.com](https://fortune.com/company/lippo-karawaci/?utm_source=openai))
Gilead Sciences,Daniel O'Day,High,Daniel O'Day,True,([pharmiweb.com](https://www.pharmiweb.com/press-release/2024-03-05/gilead-sciences-ceo-on-companys-evolution-and-commitment-to-the-bay-area?utm_source=openai))
"Endeavor Group Holdings, Inc.",Patrick Whitesell,high,Mark Shapiro,False,([ft.com](https://www.ft.com/content/680aec89-a8f2-41ee-94b4-d12f9f7e6d6c?utm_source=openai))
Orlen Unipetrol,Andrzej Modrzejewski,High,Tomasz Wiatrak,False,([expats.cz](https://www.expats.cz/czech-news/article/leader-talks-orlen-unipetrol-ceo-tomasz-wiatrak-on-the-future-of-fossil-fuel-production-in-czechia?utm_campaign=best-of-the-week&utm_medium=article&utm_source=openai))
Vodacom,Shameel Joosub,high,Shameel Joosub,True,([reuters.com](https://www.reuters.com/business/media-telecom/south-africas-vodacom-targets-double-digit-profit-growth-by-2030-2025-02-19/?utm_source=openai))
Sparebanken Vest,Jan Erik Kjerpeseth,high,Jan Erik Kjerpeseth,True,([spv.no](https://www.spv.no/english/about-sparebanken-vest/management/corporate-management?utm_source=openai))
National Grid plc,Steve Holliday,High,John Pettigrew,True,([simplywall.st](https://simplywall.st/stocks/de/utilities/fra-nngf/national-grid-shares/management?utm_source=openai))
Qt Group Plc,Juha Varelius,High,Juha Varelius,True,([seekingalpha.com](https://seekingalpha.com/article/4671050-qt-group-oyj-qtgpf-q4-2023-earnings-call-transcript?utm_source=openai))
SVB Financial Group,Greg Becker,High,SVB Financial Trust does not have a CEO.,False,([reuters.com](https://www.reuters.com/legal/silicon-valley-banks-former-parent-can-pursue-193-billion-fdic-lawsuit-2025-02-28/?utm_source=openai))
Nippon Chemi-Con,Norio Kamiyama,high,Norio Kamiyama,True,([simplywall.st](https://simplywall.st/stocks/jp/tech/tse-6997/nippon-chemi-con-shares/management?utm_source=openai))
China Auto Renting Inc.,Lu Zhengyao,high,Charles Zhengyao Lu,True,([sec.gov](https://www.sec.gov/Archives/edgar/data/1538908/000104746912000230/a2206840zf-1.htm?utm_source=openai))
Westpac,Peter King,high,Anthony Miller,True,([reuters.com](https://www.reuters.com/business/finance/westpac-appoints-new-chief-executive-officer-2024-09-08/?utm_source=openai))
American Financial Group,S. Craig Lindner,high,Carl Henry Lindner III,True,([en.wikipedia.org](https://en.wikipedia.org/wiki/Carl_Lindner_III?utm_source=openai))
Airbnb,Brian Chesky,high,Brian Chesky,True,([crainsnewyork.com](https://www.crainsnewyork.com/real-estate/airbnb-ceo-brian-chesky-has-big-plans-fix-struggling-airbnb?utm_source=openai))
Shimano Kabushiki-kaisha,Shozaburo Shimano,high,Yozo Shimano,True,([shimano.com](https://www.shimano.com/en/company/executives.html?utm_source=openai))
Grupo ACS,Juan Santamaría,High,Juan Santamaría Cases,True,([marketscreener.com](https://www.marketscreener.com/quote/stock/ACS-ACTIVIDADES-DE-CONSTR-111964046/company-governance/?utm_source=openai))
Ipsos,Ben Page,high,Ben Page,True,([womens-forum.com](https://www.womens-forum.com/e/women-s-forum-global-meeting-2023/speaker/a93c4135-2a7f-ee11-8923-6045bd8eadf6/ben-page?utm_source=openai))
Powszechny Zakład Ubezpieczeń,Paweł Surowka,High,Artur Olech,False,([simplywall.st](https://simplywall.st/stocks/us/insurance/otc-pzak.y/powszechny-zaklad-ubezpieczen/management?utm_source=openai))
Moderna,Stéphane Bancel,high,Stéphane Bancel,True,([en.wikipedia.org](https://en.wikipedia.org/wiki/St%C3%A9phane_Bancel?utm_source=openai))
Nissan Motor Co. Ltd.,Hiroto Saikawa,high,Ivan Espinosa,True,([arcxp-prod.autonews.com](https://arcxp-prod.autonews.com/nissan/an-nissan-new-ceo-ivan-espinosa-makoto-uchida-0311/?utm_source=openai))
West Japan Railway Company,Kazuaki Hasegawa,High,Kazuaki Hasegawa,True,([marketscreener.com](https://www.marketscreener.com/quote/stock/WEST-JAPAN-RAILWAY-COMPAN-3012703/company-governance/?utm_source=openai))
Repsol Oil & Gas Canada,James Buckee,high,Luis Cabra Dueñas,False,([biography.omicsonline.org](https://biography.omicsonline.org/canada/repsol-oil-gas-canada-inc/luis-cabra-dueas-511422?utm_source=openai))
Takeda Pharmaceutical Company,Christophe Weber,High,Christophe Weber,True,([dcatvci.org](https://www.dcatvci.org/top-industry-news/takeda-names-successor-to-retiring-ceo-in-2026/?utm_source=openai))
Casino Group,Philippe Palazzi,high,Philippe Palazzi,True,([reuters.com](https://www.reuters.com/business/retail-consumer/paris-court-gives-green-light-kretinsky-led-bailout-plan-casino-consortium-2024-02-26/?utm_source=openai))
T-Mobile US,Mike Sievert,High,Mike Sievert,True,([en.wikipedia.org](https://en.wikipedia.org/wiki/Mike_Sievert?utm_source=openai))
First Media,Ali Chendra,high,Guy Oranim,True,([theorg.com](https://theorg.com/org/first-media?utm_source=openai))
Entain,Shay Segev,high,Stella David,True,([ft.com](https://www.ft.com/content/c8896757-e7eb-424d-a544-0484f9101238?utm_source=openai))
Sea Ltd,Forrest Li,high,Forrest Li,True,([sea.com](https://www.sea.com/aboutus/leadership/management/ForrestLi?utm_source=openai))
ASML Holding,Peter Wennink,high,Christophe Fouquet,True,([asml.com](https://www.asml.com/en/company/governance/board-of-management?utm_source=openai))
Magyar Telekom,Tibor Rékasi,High,Tibor Rékasi,True,([bbj.hu](https://bbj.hu/business/tech/telco/data-traffic-drives-magyar-telekom-growth-ceo/?utm_source=openai))
Unieuro,Giancarlo Nicosanti Monterastelli,high,Giancarlo Nicosanti Monterastelli,True,([marketscreener.com](https://www.marketscreener.com/quote/stock/UNIEURO-S-P-A-36718078/company-governance/?utm_source=openai))
Lassila & Tikanoja,Eero Hautaniemi,high,Eero Hautaniemi,True,([globenewswire.com](https://www.globenewswire.com/en/news-release/2023/10/25/2766805/0/en/Inside-information-Lassila-Tikanoja-plc-has-completed-a-strategy-review-and-decided-to-focus-on-its-circular-economy-businesses.html?utm_source=openai))
HSBC,John Flint,,,False,
Groupe Bull,Pierre Barnabé,high,Pierre Barnabé,False,([fr.wikipedia.org](https://fr.wikipedia.org/wiki/Bull_%28entreprise%29?utm_source=openai))
The Hertz Corporation,Paul Stone,high,Gil West,True,([reuters.com](https://www.reuters.com/business/autos-transportation/hertz-appoints-gil-west-ceo-2024-03-15/?utm_source=openai))
Kraft Heinz,Bernardo Hees,high,Carlos Abrams-Rivera,True,([thekraftheinzcompany.gcs-web.com](https://thekraftheinzcompany.gcs-web.com/management/carlos-abrams-rivera?utm_source=openai))
Novonesis,Ester Baiget,high,Ester Baiget,True,([novonesis.com](https://www.novonesis.com/en/about-us/leadership?utm_source=openai))
ExxonMobil,Darren Woods,high,Darren W. Woods,True,([en.wikipedia.org](https://en.wikipedia.org/wiki/Darren_Woods?utm_source=openai))
PayPal,Dan Schulman,high,Alex Chriss,True,([ceoworld.biz](https://ceoworld.biz/2023/08/17/alex-chriss-succeeds-dan-schulman-as-the-new-ceo-of-paypal/?utm_source=openai))
Aviva,Amanda Blanc,high,Amanda Blanc,True,([en.wikipedia.org](https://en.wikipedia.org/wiki/Amanda_Blanc?utm_source=openai))
UGI Corporation,John L. Walsh Jr.,high,Robert C. Flexon,True,([ugicorp.com](https://www.ugicorp.com/news-releases/news-release-details/ugi-corporation-announces-leadership-transition?utm_source=openai))
Amazon,Andy Jassy,high,Andy Jassy,True,([businessinsider.com](https://www.businessinsider.com/andy-jassy?utm_source=openai))
eBay,Jamie Iannone,High,Jamie Iannone,True,([en.wikipedia.org](https://en.wikipedia.org/wiki/Jamie_Iannone?utm_source=openai))
U.S. Steel,Mario Longhi,High,David Burritt,True,([en.wikipedia.org](https://en.wikipedia.org/wiki/David_Burritt?utm_source=openai))
BHP Group,Mike Henry,High,Mike Henry,True,([bhp.com](https://www.bhp.com/about/board-and-management/mike-henry?utm_source=openai))
Indofood Agri Resources Limited,Mark Julian Wakeford,high,Mark Julian Wakeford,True,([investor.indofoodagri.com](https://investor.indofoodagri.com/misc/ar2023/37/?utm_source=openai))
Yara International,Svein Tore Holsether,high,Svein Tore Holsether,True,([yara.com](https://www.yara.com/this-is-yara/management-and-board/management-team/holsether/?utm_source=openai))
Equinor ASA,Anders Opedal,high,Anders Opedal,True,([en.wikipedia.org](https://en.wikipedia.org/wiki/Anders_Opedal?utm_source=openai))
Wavestone,Pascal Imbert,high,Pascal Imbert,True,([wavestone.com](https://www.wavestone.com/en/people/pascal-imbert/?utm_source=openai))
"ZoomInfo Technologies, Inc.",Yonatan Stern,high,Henry L. Schuck,True,([fortune.com](https://fortune.com/company/zoominfo-technologies/?utm_source=openai))
Libra Insurance Company Ltd,Q107100317,high,Etti Elishkov,True,([bloomberg.com](https://www.bloomberg.com/profile/person/22607038?utm_source=openai))
Sanjen Jalavidhyut Company Limited,Kiran Kumar Shrestha,high,Mr. Arpan Bahadur Singh,True,([sjcl.com.np](https://sjcl.com.np/?utm_source=openai))
Corteva,Chuck Magro,high,Charles V. Magro,True,([www1.salary.com](https://www1.salary.com/Charles-V-Magro-Salary-Bonus-Stock-Options-for-corteva-inc.html?utm_source=openai))
Rolls-Royce,Tufan Erginbilgiç,high,Tufan Erginbilgic,True,([en.wikipedia.org](https://en.wikipedia.org/wiki/Rolls-Royce_Holdings?utm_source=openai))
METRO Group,Steffen Greubel,high,Dr. Steffen Greubel,True,([esmmagazine.com](https://www.esmmagazine.com/retail/metro-ag-ceo-dr-steffen-greubel-discusses-the-groups-wholesale-revolution-262450?utm_source=openai))
Qantas,Vanessa Hudson,high,Vanessa Hudson,True,([qantasnewsroom.com.au](https://www.qantasnewsroom.com.au/media-releases/announcement-on-qantas-ceo-succession/?utm_source=openai))
Norsk Hydro,Eivind Kallevik,high,Eivind Kallevik,True,([bloomberg.com](https://www.bloomberg.com/profile/person/17924004?utm_source=openai))
AbbVie,Robert A. Michael,high,Robert A. Michael,True,([bloomberg.com](https://www.bloomberg.com/news/articles/2024-02-20/abbvie-ceo-gonzalez-retires-coo-to-take-helm-of-botox-maker?utm_source=openai))
SYENSQO,Ilham Kadri,high,Ilham Kadri,True,([en.wikipedia.org](https://en.wikipedia.org/wiki/Ilham_Kadri?utm_source=openai))
Agilent Technologies,Padraig McDonnell,high,Padraig McDonnell,True,([reuters.com](https://www.reuters.com/business/agilent-names-padraig-mcdonnell-next-ceo-2024-02-21/?utm_source=openai))
LISI,Emmanuel Viellard,high,Emmanuel Viellard,True,([lisi-group.com](https://www.lisi-group.com/en/message-from-management.html?utm_source=openai))
Central Japan Railway Company,Shunsuke Niwa,high,Shunsuke Niwa,True,([simplywall.st](https://simplywall.st/stocks/jp/transportation/tse-9022/central-japan-railway-shares/management?utm_source=openai))
Hemnet,Cecilia Beck-Friis,high,Jonas Gustafsson,True,([uk.marketscreener.com](https://uk.marketscreener.com/quote/stock/HEMNET-GROUP-AB-122145266/company-governance/?utm_source=openai))
Acciona Energía,Rafael Mateo Alcalá,high,Rafael Mateo Alcalá,True,([acciona-energia.com](https://www.acciona-energia.com/shareholders-investors/corporate-governance/board-directors-committees/rafael-mateo-alcala/?utm_source=openai))
Merlin Properties,Ismael Clemente,high,Ismael Clemente,True,([seekingalpha.com](https://seekingalpha.com/article/4675333-merlin-properties-socimi-s-mrprf-q4-2023-earnings-call-transcript?utm_source=openai))
Borregaard,Arne Meidell,high,Per A. Sørlie,True,([borregaard.com](https://www.borregaard.com/company/organisation/the-group-executive-management/per-a-sorlie?utm_source=openai))
Michelin,Yves Chapot,high,Florent Menegaux,True,([en.wikipedia.org](https://en.wikipedia.org/wiki/Michelin?utm_source=openai))
Telenor,Benedicte Schilbred Fasmer,high,Benedicte Schilbred Fasmer,True,([reuters.com](https://www.reuters.com/business/media-telecom/norways-telenor-appoints-new-ceo-2024-05-23/?utm_source=openai))
STMicroelectronics,Jean-Marc Chéry,High,Jean-Marc Chery,True,([globenewswire.com](https://www.globenewswire.com/news-release/2023/09/19/2746035/0/en/STMicroelectronics-Statement-from-the-Supervisory-Board-of-STMicroelectronics.html?utm_source=openai))
Euronext,Stéphane Boujnah,high,Stéphane Boujnah,True,([euronext.com](https://www.euronext.com/en/about/media/euronext-press-releases/stephane-boujnah-reappointed-ceo-and-chairman-managing-board?utm_source=openai))
Komerční banka,Jan Juchelka,high,Jan Juchelka,True,([aspeninstitutece.org](https://www.aspeninstitutece.org/people-profile/jan-juchelka/?utm_source=openai))
Hardwario,Alan Fabik,low,I am unable to find information on the current CEO of Hardwario.,False,
Ipsen,David Loew,high,David Loew,True,([ipsen.com](https://www.ipsen.com/leadership/david-loew/?utm_source=openai))
Medtronic plc,Geoffrey S Martha,high,Geoff Martha,True,([medtronic.com](https://www.medtronic.com/en-us/our-company/leadership/geoff-martha.html?utm_source=openai))
Valeo,Christophe Perillat,high,Christophe Périllat,True,([valeo.com](https://www.valeo.com/en/christophe-perillat-biography/?utm_source=openai))
OL Groupe,John Textor,high,John Textor,True,([marketscreener.com](https://www.marketscreener.com/quote/stock/OLYMPIQUE-LYONNAIS-GROUPE-124363417/company-governance/?utm_source=openai))
OVHcloud,Laurent Allard,high,Benjamin Revcolevschi,True,([reuters.com](https://www.reuters.com/technology/european-firms-rethink-cloud-provider-choices-amid-trade-war-ovhcloud-ceo-says-2025-04-17/?utm_source=openai))
Orange,Christel Heydemann,high,Christel Heydemann,True,([orange.com](https://www.orange.com/en/group/governance/executive-committee/christel-heydemann?utm_source=openai))
Airbus SE,Guillaume Faury,High,Guillaume Faury,True,([airbus.com](https://www.airbus.com/en/about-us/our-governance/guillaume-faury?utm_source=openai))
Sofina,Harold Boël,high,Harold Y. H. Boël,True,([marketscreener.com](https://www.marketscreener.com/quote/stock/SOFINA-SA-72740/company-governance/?utm_source=openai))
Ramsay Santé,Pascal Roché,high,Pascal Roché,True,([ramsaysante.eu](https://www.ramsaysante.eu/press-releases-and-financial-reports/board-directors-ramsay-generale-de-sante-renews-pascal-roche-chief-executive-officer?utm_source=openai))
Morgan Stanley,Ted Pick,high,Ted Pick,True,([apnews.com](https://apnews.com/article/morgan-stanley-ceo-ted-pick-fe6378d1873843a5d7d347c3bf039c01?utm_source=openai))
L'Oréal,Nicolas Hieronimus,high,Nicolas Hieronimus,True,([loreal-finance.com](https://www.loreal-finance.com/en/annual-report-2023/ceo-interview/?utm_source=openai))
Smartfren,Merza Fachys,high,Andrijanto Muljono,True,([tabloidpulsa.id](https://tabloidpulsa.id/sambut-hari-pelanggan-nasional-ceo-smartfren-layani-langsung-pelanggan/?utm_source=openai))
International Distributions Services,Martin Seidenberg,high,Martin Seidenberg,True,([cloud.gls-group.com](https://cloud.gls-group.com/GROUP/en/newsroom/news/martin-seidenberg-appointed-ids-ceo/?utm_source=openai))
Bukalapak,Willix Halim,high,Willix Halim,True,([tirto.id](https://tirto.id/willix-halim-resmi-jadi-ceo-baru-bukalapak-go39?utm_source=openai))
Believe,Denis Ladegaillerie,High,Denis Ladegaillerie,True,([believe.com](https://www.believe.com/about/our-governance?utm_source=openai))
AXIS Capital,Vincent Tizzio,high,Vincent C. Tizzio,True,([insurancejournal.com](https://www.insurancejournal.com/news/international/2023/05/04/719507.htm?utm_source=openai))
East Japan Railway Company,Yōichi Kise,high,Yuji Fukasawa,False,([marketscreener.com](https://www.marketscreener.com/quote/stock/EAST-JAPAN-RAILWAY-COMPAN-6491299/news/East-Japan-Railway-Updated-Notice-Regarding-Changes-in-Representative-Director-etc-43859813/?utm_source=openai))
SMCP Group,Isabelle Guichot,High,Isabelle Guichot,True,([finance.yahoo.com](https://finance.yahoo.com/quote/SFC.F/profile/?utm_source=openai))
Schneider Electric,Peter Herweck,high,Olivier Blum,True,([reuters.com](https://www.reuters.com/business/energy/schneider-electric-ousts-ceo-peter-herweck-2024-11-04/?utm_source=openai))
Japan Airlines,Mitsuko Tottori,high,Mitsuko Tottori,True,([en.wikipedia.org](https://en.wikipedia.org/wiki/Japan_Airlines?utm_source=openai))
Saint-Gobain,Benoit Bazin,high,Benoit Bazin,True,([engineering.columbia.edu](https://www.engineering.columbia.edu/about/news/tech-talk-saint-gobain-ceo-sustainable-construction?utm_source=openai))
EL AL Israel Airlines Ltd.,Dina Ben-Tal-Genensia,High,Dina Ben-Tal Ganancia,True,([airlines.iata.org](https://airlines.iata.org/2023/06/02/el-al-rising-above-and-beyond?utm_source=openai))
Wolfspeed,Gregg Lowe,High,Thomas Werner,False,([carolinajournal.com](https://www.carolinajournal.com/wolfspeed-board-of-directors-parts-ways-with-ceo/?utm_source=openai))
"Twitter, Inc.",Parag Agrawal,high,Linda Yaccarino,True,([theverge.com](https://www.theverge.com/2023/5/12/23721107/twitter-ceo-linda-yaccarino-elon-musk-nbc?utm_source=openai))
BlueScope Steel,Mark Royce Vassella,high,Mark Vassella,True,([afr.com](https://www.afr.com/companies/manufacturing/bluescope-to-spend-1-15b-on-old-school-steelmaking-20230818-p5dxnm?utm_source=openai))
Shell,Wael Sawan,high,Wael Sawan,True,([en.wikipedia.org](https://en.wikipedia.org/wiki/Wael_Sawan?utm_source=openai))
Koninklijke Philips NV,Roy Jakobs,high,Roy Jakobs,True,([fortune.com](https://fortune.com/ceoi/roy-jakobs?utm_source=openai))
Teva- Pharmaceutical Industries Ltd.,Richard Francis,High,Richard Francis,True,([simplywall.st](https://simplywall.st/stocks/us/pharmaceuticals-biotech/nyse-teva/teva-pharmaceutical-industries/management?utm_source=openai))
Generali Česká pojišťovna,Marek Jankovič,high,Roman Juráš,True,([craft.co](https://craft.co/generali-ceska-pojistovna/executives?utm_source=openai))
Tower Semiconductor Ltd.,George Morgenstern,High,Russell Ellwanger,True,([towersemi.com](https://towersemi.com/about/towersemi-executives/?utm_source=openai))
TotalEnergies,Marcel Champin,high,Patrick Pouyanné,True,([reuters.com](https://www.reuters.com/markets/commodities/ceraweek-global-lng-market-will-be-tight-until-2026-totalenergies-ceo-2024-03-18/?utm_source=openai))
Commerzbank AG,Manfred Knof,High,Bettina Orlopp,True,([de.wikipedia.org](https://de.wikipedia.org/wiki/Manfred_Knof?utm_source=openai))
Kyushu Railway Company,Yōji Furumiya,high,Yoji Furumiya,True,([simplywall.st](https://simplywall.st/stocks/jp/transportation/tse-9142/kyushu-railway-shares/management?utm_source=openai))
Atea,Kathrine Forsberg,High,Steinar Sønsteby,True,([live.euronext.com](https://live.euronext.com/en/products/equities/company-news/2023-03-16-chairman-ib-kunoe-step-down-board?utm_source=openai))
NKT Holding,Alexander Kara,high,Claes Westerlind,True,([nkt.com](https://www.nkt.com/news-press-releases/media-center?utm_source=openai))
Sansteel Minguang,Fang Ying Lu,high,Fang Ying Lu,True,([forbes.com](https://www.forbes.com/companies/sansteel-minguang/?utm_source=openai))
Ormat Technologies,Lucien Y. Bronicki,high,Doron Blachar,True,([simplywall.st](https://simplywall.st/stocks/us/utilities/nyse-ora/ormat-technologies/management?utm_source=openai))
Unilever,Hein Schumacher,high,Fernando Fernandez,True,([reuters.com](https://www.reuters.com/business/retail-consumer/unilevers-board-unified-decision-oust-ceo-hein-schumacher-source-says-2025-02-25/?utm_source=openai))
Unity Technologies,Matthew Bromberg,high,Matt Bromberg,True,([pcgamer.com](https://www.pcgamer.com/gaming-industry/unity-ceo-rails-against-the-idiocy-of-the-metaverse-i-experienced-all-those-new-platforms-and-just-thought-they-were-garbage/?utm_source=openai))
Gen Digital,Vincent Pilette,high,Vincent Pilette,True,([gendigital.com](https://www.gendigital.com/ca/en/leadership/?utm_source=openai))
WiseTech Global Limited,Richard White,high,Richard White,False,([reuters.com](https://www.reuters.com/technology/australian-regulator-launches-probe-into-wisetech-founder-takes-chairman-role-2025-02-26/?utm_source=openai))
Visa Inc.,Ryan McInerney,high,Ryan McInerney,True,([investor.visa.com](https://investor.visa.com/corporate-governance/board-of-directors/person-details/default.aspx?ItemId=4d30facb-d4f1-4a5d-a653-84bc56f39ff6&utm_source=openai))
Costco,Ron Vachris,high,Ron Vachris,True,([bloomberg.com](https://www.bloomberg.com/news/articles/2023-10-18/costco-names-ron-vachris-ceo-craig-jelinek-to-step-down-jan-1?utm_source=openai))
Air Liquide,Jean Delorme,high,François Jackow,True,([airliquide.com](https://www.airliquide.com/group/executive-committee?utm_source=openai))
EDF Renewables,Béatrice Buffon,High,Béatrice Buffon,True,([edf.fr](https://www.edf.fr/en/the-edf-group/governance?utm_source=openai))
Amcor,Ron Delia,high,Peter Konieczny,True,([packagingnews.com.au](https://www.packagingnews.com.au/latest/amcor-rewards-konieczny-with-ceo-position?utm_source=openai))
Orlen,Ireneusz Fąfara,high,Ireneusz Fąfara,True,([reuters.com](https://www.reuters.com/business/energy/polands-orlen-names-former-lithuanian-chief-ceo-2024-04-10/?utm_source=openai))
Australian Securities Exchange,Helen Lofthouse,high,Helen Lofthouse,True,([asx.com.au](https://www.asx.com.au/about/our-board-and-management/our-executive-team?utm_source=openai))
Sopra Steria,Cyril Malargé,high,Cyril Malargé,True,([soprasteria.com](https://www.soprasteria.com/services/consulting/experts/details/cyril-malarge?utm_source=openai))
CoStar Group,Andy Florance,high,Andy Florance,True,([investors.costargroup.com](https://investors.costargroup.com/news-releases/news-release-details/costar-group-founder-and-ceo-andy-florance-named-top-ten-sp-200?utm_source=openai))
Vend,Christian Printzell Halvorsen,high,Ana Wight,True,([en.wikipedia.org](https://en.wikipedia.org/wiki/Vend_%28software%29?utm_source=openai))
Qemetica,Dariusz Krawczyk,high,Kamil Majczak,True,([people.equilar.com](https://people.equilar.com/bio/marek-konik-qemetica-sa/29101263?utm_source=openai))
AXA,Thomas Buberl,high,Thomas Buberl,True,([axa.com](https://www.axa.com/en/press/press-releases/antoine-gosset-grainville-is-appointed-chairman-of-axa-and-thomas-buberl-is-renewed-as-ceo?utm_source=openai))
Kongsberg Gruppen,Rolf Qvenild,High,Geir Håøy,True,([maritimeprofessional.com](https://www.maritimeprofessional.com/news/interview-geir-kongsberg-383544?utm_source=openai))
Endesa,José Damián Bogas Gálvez,high,José Damián Bogas Gálvez,True,([au.finance.yahoo.com](https://au.finance.yahoo.com/quote/ELE.VI/profile/?utm_source=openai))
Ferrovial,Ignacio Madridejos,high,Ignacio Madridejos,True,([seekingalpha.com](https://seekingalpha.com/article/4674044-ferrovial-se-frrvf-q4-2023-earnings-call-transcript?utm_source=openai))
Solaria Energía y Medio Ambiente,Arturo Díaz-Tejeiro Larrañaga,high,José Arturo Díaz-Tejeiro Larrañaga,True,([marketscreener.com](https://www.marketscreener.com/quote/stock/SOLARIA-ENERGIA-Y-MEDIO-A-50915809/company-governance/?utm_source=openai))
Fluidra,Jaime Ramírez,high,Bruce Brooks,False,([seekingalpha.com](https://seekingalpha.com/article/4675044-fluidra-s-fluif-q4-2023-earnings-call-transcript?utm_source=openai))
Rovi,Juan López-Belmonte Encina,high,Thomas Carson,False,([seekingalpha.com](https://seekingalpha.com/news/2520696-rovi-activist-wins-two-board-seats-ceo-named-chairman?utm_source=openai))
Boeing,Q128210216,high,Kelly Ortberg,True,([de.wikipedia.org](https://de.wikipedia.org/wiki/Boeing?utm_source=openai))
Amadeus IT Group,José Antonio Tazón,High,Luis Maroto,True,([fortune.com](https://fortune.com/company/amadeus-it-group/?utm_source=openai))
Tessellis,Davide Rota,High,Davide Rota,True,([globaldata.com](https://www.globaldata.com/company-profile/tiscali-group/executives/?utm_source=openai))
Banca Transilvania,Ömer Tetik,high,Ömer Tetik,True,([en.wikipedia.org](https://en.wikipedia.org/wiki/Banca_Transilvania?utm_source=openai))
Miniso,Ye Guofu,high,Guofu Ye,True,([simplywall.st](https://simplywall.st/stocks/us/retail/nyse-mnso/miniso-group-holding/management?utm_source=openai))
Deutsche Post AG,Tobias Meyer,high,Tobias Meyer,True,([asiacargonews.com](https://www.asiacargonews.com/en-us/news/detail?id=5966&utm_source=openai))
Intel,Michelle Johnston Holthaus,high,Lip-Bu Tan,True,https://en.wikipedia.org/wiki/Pat_Gelsinger
Commonwealth Bank,Donald Neil Sanders,high,Matt Comyn,True,([commbank.com.au](https://www.commbank.com.au/about-us/our-company/matt-comyn.html?utm_source=openai))
